pattern_id,x,y
1,8386.0,11091.0
1,47932.0,10388.0
1,34133.0,9508.0
1,46023.0,10576.0
1,73247.0,8055.0
1,39976.0,8614.0
1,28826.0,9725.0
1,77306.0,9408.0
1,51494.0,10736.0
1,27638.0,9074.0
1,28861.0,9128.0
1,28324.0,8679.0
1,60564.0,10536.0
1,61915.0,9288.0
1,31648.0,8736.0
1,4240.0,10720.0
1,32188.0,10561.0
1,66652.0,6206.0
1,30863.0,8524.0
1,69418.0,7399.0
1,38583.0,8984.0
1,22902.0,9965.0
1,54219.0,8953.0
1,21914.0,10028.0
1,27325.0,9732.0
1,69446.0,9935.0
1,42274.0,9097.0
1,36204.0,8726.0
1,64176.0,6361.0
1,23116.0,7413.0
1,65003.0,8544.0
1,65546.0,6683.0
1,41462.0,9282.0
1,18921.0,8399.0
1,19818.0,7109.0
1,22592.0,8779.0
1,13080.0,10407.0
1,29112.0,10943.0
1,67908.0,9138.0
1,41205.0,9912.0
1,41843.0,9794.0
1,52989.0,9415.0
1,20386.0,7762.0
1,72869.0,5689.0
1,11333.0,11200.0
1,58422.0,9098.0
1,16150.0,11370.0
1,12566.0,10906.0
1,17398.0,8326.0
1,55026.0,8834.0
1,63386.0,10445.0
1,10690.0,10217.0
1,47195.0,10627.0
1,68030.0,6548.0
1,29903.0,8051.0
1,42172.0,11222.0
1,18460.0,10166.0
1,23775.0,7109.0
1,17216.0,10173.0
1,5152.0,10664.0
1,31106.0,10861.0
1,10049.0,7945.0
1,3328.0,10331.0
1,48995.0,9829.0
1,3319.0,9577.0
1,19442.0,8765.0
1,25315.0,7217.0
1,20059.0,3873.0
1,59868.0,8325.0
1,69703.0,4873.0
1,7161.0,10252.0
1,20779.0,8597.0
1,18874.0,9941.0
1,56371.0,8991.0
1,70530.0,8910.0
1,28233.0,7405.0
1,19020.0,7116.0
1,32810.0,4331.0
1,59228.0,5983.0
1,65722.0,9692.0
1,26615.0,6978.0
1,15652.0,10293.0
1,14245.0,10619.0
1,15539.0,8808.0
1,18094.0,7271.0
1,6145.0,10610.0
1,17457.0,7515.0
1,50127.0,11045.0
1,44712.0,10848.0
1,53609.0,10927.0
1,18389.0,8811.0
1,30950.0,9300.0
1,13608.0,7012.0
1,12826.0,7332.0
1,13048.0,6684.0
1,11970.0,6388.0
1,12334.0,8882.0
1,25128.0,10446.0
1,11460.0,7953.0
1,11485.0,9162.0
1,57268.0,8564.0
1,66261.0,9314.0
1,4211.0,10014.0
1,39211.0,11034.0
1,43320.0,10797.0
1,42269.0,10250.0
1,16144.0,10014.0
1,27418.0,5862.0
1,42037.0,9226.0
2,66565.0,6558.0
2,64994.0,6481.0
2,32119.0,8783.0
2,67954.0,6468.0
2,62370.0,6112.0
2,68722.0,6562.0
2,70922.0,9437.0
2,43531.0,8746.0
2,71648.0,8886.0
2,55574.0,10260.0
2,70966.0,7069.0
2,75780.0,8937.0
2,18194.0,11169.0
2,18848.0,10956.0
2,69623.0,8078.0
2,16094.0,11009.0
2,75684.0,8589.0
2,36375.0,8618.0
2,76471.0,7143.0
2,56444.0,9358.0
2,34274.0,10867.0
2,11608.0,11086.0
2,29638.0,10908.0
2,17029.0,10978.0
2,19510.0,6440.0
2,28328.0,9400.0
2,14858.0,9116.0
2,24340.0,7199.0
2,38498.0,9236.0
2,16733.0,8925.0
2,30204.0,8742.0
2,12998.0,10299.0
2,12315.0,10197.0
2,5374.0,10278.0
2,5328.0,9596.0
2,24301.0,7808.0
2,3186.0,10803.0
2,22375.0,5687.0
2,26113.0,8713.0
2,26641.0,8697.0
2,62587.0,8064.0
2,31880.0,10739.0
2,62752.0,10208.0
2,69510.0,7416.0
2,73602.0,10402.0
2,32433.0,10577.0
2,40333.0,9436.0
2,22021.0,5251.0
2,64545.0,8764.0
2,26302.0,8198.0
2,73831.0,9299.0
2,65930.0,5234.0
2,46815.0,8571.0
2,46379.0,9361.0
2,60820.0,10124.0
2,10525.0,10357.0
2,20900.0,8967.0
2,21412.0,6244.0
2,37524.0,8996.0
2,14596.0,10170.0
2,23922.0,7667.0
2,13209.0,8311.0
2,64282.0,9280.0
2,19585.0,10885.0
2,63818.0,5692.0
2,70716.0,6882.0
2,15006.0,7317.0
2,28884.0,9045.0
2,17284.0,6489.0
2,19254.0,8504.0
2,31121.0,9387.0
2,10058.0,11387.0
2,7917.0,10364.0
2,6420.0,10941.0
2,34011.0,8999.0
2,20678.0,10606.0
2,22154.0,9214.0
2,69765.0,9458.0
2,30137.0,7366.0
2,18177.0,5785.0
2,25390.0,5220.0
2,23374.0,11021.0
2,11962.0,7421.0
2,13895.0,2310.0
2,8666.0,10226.0
2,70046.0,6770.0
2,41011.0,9319.0
2,26621.0,11126.0
2,13234.0,1701.0
2,14274.0,10014.0
3,63509.0,6578.0
3,64521.0,6301.0
3,11481.0,7893.0
3,68662.0,5310.0
3,15820.0,5187.0
3,64517.0,5884.0
3,67271.0,5582.0
3,15865.0,8624.0
3,20261.0,5901.0
3,68318.0,6219.0
3,65918.0,5753.0
3,27288.0,7172.0
3,74866.0,5470.0
3,8932.0,10583.0
3,23283.0,5500.0
4,67201.0,6262.0
4,64813.0,6271.0
4,36471.0,8925.0
4,75078.0,8111.0
4,21678.0,7688.0
4,56205.0,9021.0
4,23891.0,9872.0
4,20593.0,8763.0
4,48409.0,8696.0
4,67421.0,4488.0
4,31411.0,8603.0
4,17299.0,10256.0
4,16935.0,7904.0
4,68819.0,6544.0
4,22594.0,9929.0
4,1892.0,10190.0
4,29712.0,8322.0
4,10415.0,10524.0
4,20673.0,4929.0
4,59543.0,8009.0
4,57393.0,11053.0
4,40209.0,9008.0
4,43881.0,9112.0
4,19133.0,9474.0
4,34632.0,8456.0
4,38391.0,8619.0
4,15350.0,11804.0
4,41091.0,8899.0
4,25752.0,8816.0
4,6722.0,11079.0
4,4960.0,10526.0
4,71199.0,8051.0
4,63715.0,5668.0
4,24858.0,6946.0
4,42227.0,10569.0
4,14497.0,10477.0
4,23167.0,7493.0
4,15218.0,4511.0
4,11962.0,10723.0
4,60729.0,5247.0
4,63213.0,2514.0
4,62227.0,7580.0
4,28305.0,10341.0
4,69815.0,10247.0
4,41702.0,10659.0
4,33558.0,9011.0
4,13209.0,9566.0
4,51107.0,9411.0
4,51664.0,9597.0
4,23803.0,7084.0
4,19127.0,6917.0
4,4924.0,9937.0
4,32141.0,9792.0
5,68211.0,6591.0
5,19173.0,7068.0
5,61660.0,10664.0
5,66964.0,6581.0
5,17945.0,11282.0
5,24042.0,7246.0
5,67284.0,10298.0
5,64314.0,5464.0
5,19110.0,10915.0
5,36484.0,10564.0
5,65122.0,5340.0
5,23121.0,7281.0
5,65648.0,7125.0
5,12561.0,10140.0
5,60014.0,9346.0
5,58549.0,8770.0
5,17393.0,8163.0
5,74460.0,7206.0
5,15897.0,10179.0
5,15236.0,10870.0
5,14507.0,10604.0
5,15153.0,9660.0
5,14442.0,9871.0
5,73285.0,9555.0
5,68438.0,9306.0
5,40345.0,10965.0
5,41045.0,10978.0
5,66739.0,5670.0
5,30089.0,5997.0
5,42163.0,9025.0
5,62184.0,7950.0
5,37228.0,11543.0
5,25039.0,10853.0
5,21035.0,9536.0
5,52828.0,3370.0
5,48267.0,8642.0
5,28494.0,9481.0
5,67681.0,5696.0
5,19195.0,9024.0
5,19953.0,8632.0
5,21931.0,7082.0
5,21208.0,6261.0
5,35300.0,11290.0
5,62521.0,9362.0
5,30120.0,9376.0
5,5177.0,11662.0
5,4319.0,11552.0
5,35871.0,8777.0
5,19959.0,10359.0
5,55421.0,8999.0
5,43564.0,9102.0
5,32815.0,10167.0
5,13486.0,6890.0
5,12157.0,11105.0
5,16861.0,10618.0
5,29071.0,9280.0
5,77830.0,9345.0
5,6224.0,10197.0
5,27192.0,9795.0
5,65343.0,10469.0
5,60734.0,9388.0
5,25955.0,10494.0
5,72478.0,7497.0
5,70017.0,10139.0
5,17909.0,7150.0
5,58762.0,5945.0
5,26233.0,4872.0
5,23678.0,10414.0
5,30372.0,7971.0
5,33166.0,10991.0
5,59044.0,9986.0
5,29358.0,10661.0
5,10414.0,10386.0
5,75318.0,9330.0
5,20666.0,11372.0
5,39522.0,10264.0
5,70225.0,6391.0
5,11465.0,10263.0
5,63653.0,5895.0
5,11031.0,11453.0
5,23673.0,5143.0
5,18533.0,2772.0
5,40830.0,9046.0
5,14934.0,6343.0
5,66588.0,8318.0
5,16455.0,9165.0
5,38159.0,9458.0
5,57130.0,10513.0
5,58820.0,4051.0
5,37158.0,10018.0
5,13572.0,10973.0
5,68787.0,5001.0
5,13620.0,9964.0
5,57136.0,3365.0
5,48204.0,9205.0
5,11763.0,9655.0
5,31419.0,4876.0
5,43760.0,10812.0
5,17590.0,9393.0
5,64462.0,8507.0
5,35202.0,10159.0
5,21415.0,9384.0
5,19676.0,6878.0
5,39095.0,11092.0
5,22162.0,11229.0
5,2317.0,11638.0
5,42662.0,10934.0
5,12610.0,8449.0
5,60886.0,4297.0
5,28599.0,7870.0
5,77828.0,2642.0
5,3348.0,11497.0
5,26004.0,9044.0
5,62631.0,7496.0
5,41093.0,10721.0
5,72330.0,10031.0
5,63991.0,10600.0
5,71482.0,10188.0
5,27668.0,6208.0
5,6310.0,11245.0
5,47113.0,10805.0
5,15804.0,6741.0
5,2175.0,10318.0
5,18269.0,10417.0
5,11977.0,8692.0
5,31361.0,9387.0
5,31808.0,7689.0
5,53695.0,10629.0
5,23969.0,9029.0
5,48469.0,3324.0
5,41539.0,10807.0
5,34229.0,10346.0
5,52602.0,8966.0
5,58786.0,9912.0
5,10337.0,11493.0
5,47820.0,10824.0
5,23135.0,3098.0
5,26233.0,5666.0
5,37698.0,11338.0
5,60232.0,7399.0
5,32349.0,8615.0
5,46100.0,9563.0
5,15940.0,8270.0
5,11973.0,6657.0
5,14236.0,8255.0
5,10401.0,8194.0
5,75215.0,8962.0
5,26183.0,7154.0
5,49059.0,9398.0
5,41444.0,8980.0
5,47313.0,9582.0
5,7684.0,11217.0
6,70898.0,8777.0
6,14247.0,10629.0
6,14907.0,10165.0
6,40767.0,8876.0
6,74520.0,6715.0
6,25149.0,5439.0
6,19226.0,11194.0
6,66522.0,8786.0
6,40864.0,10140.0
6,74446.0,9894.0
6,65579.0,5776.0
6,13640.0,7857.0
6,32656.0,8498.0
6,62948.0,8336.0
6,68893.0,5872.0
6,29968.0,7972.0
6,7436.0,10434.0
6,16366.0,8773.0
6,13764.0,11352.0
6,29118.0,8848.0
6,48014.0,8616.0
6,22739.0,10479.0
6,36667.0,11015.0
6,23517.0,5308.0
6,25945.0,8354.0
6,31834.0,10771.0
6,65157.0,10311.0
6,20817.0,10557.0
6,66619.0,5571.0
6,64337.0,5360.0
6,72460.0,6437.0
6,20542.0,7461.0
6,58013.0,9165.0
6,31027.0,11169.0
6,16371.0,6458.0
6,19198.0,10195.0
6,49140.0,8746.0
6,29499.0,4242.0
6,24724.0,10846.0
6,48532.0,3102.0
6,19267.0,6940.0
6,76231.0,7723.0
6,16932.0,9073.0
6,70221.0,3433.0
6,67582.0,10077.0
6,35422.0,11172.0
6,66333.0,6757.0
6,31434.0,8228.0
6,61600.0,7585.0
6,6172.0,10665.0
6,59791.0,8255.0
6,65335.0,6557.0
6,11849.0,10148.0
6,20520.0,5934.0
6,6076.0,10037.0
6,62425.0,10378.0
6,5098.0,10305.0
6,61168.0,10891.0
6,58972.0,7763.0
6,69682.0,9310.0
6,21930.0,6604.0
6,58317.0,4103.0
6,27938.0,9249.0
6,17636.0,10087.0
6,75077.0,3817.0
6,46703.0,8544.0
6,64858.0,8513.0
6,43404.0,8879.0
6,26184.0,10616.0
6,59206.0,6457.0
6,34362.0,8755.0
6,33853.0,10889.0
6,73652.0,8212.0
6,13378.0,9724.0
6,20138.0,9267.0
6,24797.0,9579.0
6,67685.0,5526.0
6,56868.0,8875.0
6,17034.0,2470.0
6,62849.0,7480.0
6,17016.0,7732.0
6,3216.0,10387.0
6,3992.0,10415.0
6,18290.0,7549.0
6,11334.0,11365.0
6,26044.0,6708.0
6,63897.0,9435.0
6,52875.0,3202.0
6,53271.0,9158.0
6,6942.0,11217.0
6,3959.0,9830.0
6,68268.0,8329.0
6,43287.0,10653.0
6,8878.0,10850.0
6,1570.0,10942.0
6,34819.0,3509.0
6,47254.0,8345.0
6,27386.0,8558.0
6,10747.0,10465.0
6,17444.0,7137.0
6,26907.0,9202.0
6,17585.0,8191.0
6,35452.0,8440.0
6,3161.0,9910.0
6,44481.0,9420.0
6,49101.0,10264.0
6,48677.0,10626.0
6,59074.0,9114.0
6,12093.0,9706.0
6,73540.0,5211.0
6,74425.0,5208.0
6,32513.0,7436.0
6,17447.0,11311.0
6,39466.0,10440.0
6,18828.0,5506.0
6,47221.0,10510.0
6,11510.0,8750.0
6,14266.0,8178.0
6,30060.0,6605.0
6,23695.0,7082.0
6,60649.0,5412.0
6,15464.0,11178.0
6,18703.0,3408.0
6,23455.0,9438.0
6,53841.0,11195.0
6,53866.0,10627.0
6,75474.0,7699.0
6,16121.0,10926.0
6,42404.0,9200.0
6,45144.0,9971.0
6,55832.0,9534.0
6,54972.0,8918.0
6,45732.0,8636.0
6,61119.0,9383.0
6,63344.0,4938.0
6,76543.0,8347.0
6,27253.0,5409.0
6,41380.0,10112.0
7,48197.0,9035.0
7,40816.0,9444.0
7,31645.0,8158.0
7,66352.0,6671.0
7,64400.0,6644.0
7,73823.0,7878.0
7,27409.0,6578.0
7,68446.0,6786.0
7,20880.0,7417.0
7,61590.0,2857.0
7,64707.0,5452.0
7,35605.0,9079.0
7,23985.0,7350.0
7,21977.0,9406.0
7,41534.0,9343.0
7,52304.0,9995.0
7,28039.0,4319.0
7,60888.0,8074.0
7,21231.0,7665.0
7,69507.0,9705.0
7,61801.0,3450.0
8,26891.0,7272.0
8,21197.0,6482.0
8,20762.0,4378.0
8,20003.0,3845.0
8,64649.0,6797.0
8,67546.0,6246.0
8,37358.0,8966.0
8,63751.0,1245.0
8,32176.0,10207.0
8,7024.0,10720.0
8,48051.0,8868.0
8,39531.0,8691.0
8,31148.0,8677.0
8,52553.0,10343.0
8,3243.0,10608.0
8,19368.0,9039.0
8,18767.0,9474.0
8,60311.0,9407.0
8,29522.0,10409.0
8,22047.0,9661.0
8,2492.0,10636.0
8,24503.0,7175.0
8,26613.0,10597.0
8,27067.0,9865.0
8,15244.0,10708.0
8,29800.0,8569.0
8,41965.0,8642.0
8,33780.0,8829.0
8,61793.0,10360.0
8,8752.0,10757.0
8,32660.0,10056.0
8,58604.0,10276.0
8,56090.0,8965.0
8,37940.0,9059.0
9,63583.0,8861.0
9,63972.0,8328.0
9,68509.0,5555.0
9,23225.0,8847.0
9,58892.0,8790.0
9,38946.0,8655.0
9,76043.0,4319.0
9,49214.0,8550.0
9,16838.0,11173.0
9,17513.0,7712.0
9,12128.0,10886.0
9,14882.0,8712.0
9,24581.0,10813.0
9,65436.0,6439.0
9,15410.0,6087.0
9,26045.0,6734.0
9,14059.0,4808.0
9,69527.0,6915.0
9,53244.0,8933.0
9,62565.0,10595.0
9,20555.0,5822.0
9,22364.0,4242.0
9,23165.0,4242.0
9,48810.0,8889.0
9,8080.0,10141.0
9,29958.0,9184.0
9,40706.0,8735.0
9,4517.0,10609.0
9,43321.0,8972.0
9,40058.0,9835.0
9,34014.0,8971.0
9,35716.0,9081.0
9,17750.0,5658.0
9,72389.0,8167.0
9,21399.0,8221.0
9,28693.0,4008.0
9,61773.0,9595.0
9,6365.0,10527.0
9,56053.0,9418.0
9,15779.0,10573.0
9,47247.0,9213.0
9,61674.0,5766.0
9,46461.0,9163.0
9,6293.0,9948.0
9,21069.0,9577.0
9,26151.0,4361.0
9,49648.0,9279.0
9,16116.0,10042.0
9,68948.0,6999.0
9,60484.0,6563.0
9,17035.0,9175.0
9,16275.0,9051.0
9,29929.0,5825.0
9,13221.0,7121.0
9,31268.0,2941.0
9,16034.0,5835.0
9,12308.0,9129.0
9,66145.0,5395.0
9,21278.0,1256.0
9,27787.0,8692.0
9,67744.0,6597.0
9,56662.0,9757.0
9,42368.0,8611.0
9,21198.0,11085.0
9,2380.0,10747.0
9,41272.0,8621.0
9,19214.0,4582.0
9,77156.0,8667.0
9,40877.0,9687.0
9,10938.0,10021.0
9,38805.0,10428.0
9,22624.0,505.0
10,15244.0,10775.0
10,15328.0,9147.0
10,64804.0,5758.0
10,19986.0,9574.0
10,20669.0,9022.0
10,65865.0,6501.0
10,19552.0,7698.0
10,64325.0,6628.0
10,27791.0,7776.0
10,46431.0,8966.0
10,66941.0,5586.0
10,18832.0,7785.0
10,33643.0,10790.0
10,35105.0,8710.0
10,33183.0,10722.0
10,63824.0,8695.0
10,13644.0,9822.0
10,5986.0,10191.0
10,36978.0,8709.0
10,17029.0,8153.0
10,21136.0,9719.0
10,16377.0,6432.0
10,31210.0,7056.0
10,21209.0,6579.0
10,43891.0,10692.0
10,10582.0,10605.0
10,28694.0,10531.0
10,41333.0,10863.0
10,39521.0,10176.0
10,70802.0,7484.0
10,74847.0,8887.0
10,30406.0,10314.0
10,35306.0,11200.0
10,13195.0,7504.0
10,24452.0,7017.0
10,54091.0,10097.0
10,60514.0,7771.0
10,71003.0,10558.0
10,30675.0,5195.0
10,47256.0,10774.0
10,7381.0,10334.0
10,15851.0,6611.0
10,75685.0,3282.0
10,26770.0,8125.0
10,67241.0,6215.0
10,48195.0,10745.0
10,13728.0,8256.0
10,13071.0,8491.0
10,2522.0,10386.0
10,20930.0,6909.0
10,40276.0,10544.0
10,24184.0,10658.0
10,29378.0,7684.0
10,18554.0,6083.0
10,17786.0,7251.0
10,18234.0,9122.0
10,27356.0,10687.0
10,34282.0,3718.0
10,31967.0,10961.0
10,50448.0,9358.0
10,51873.0,10202.0
10,26092.0,9778.0
10,18527.0,11112.0
10,39006.0,10491.0
10,65181.0,10342.0
10,23449.0,8797.0
10,29432.0,9579.0
10,59322.0,9860.0
10,23087.0,11044.0
10,11041.0,8835.0
10,36792.0,10748.0
10,4653.0,11135.0
10,49570.0,10444.0
10,45711.0,11228.0
10,56106.0,9333.0
10,13065.0,8140.0
10,13269.0,10241.0
10,19608.0,5947.0
10,16917.0,10701.0
10,28087.0,6765.0
10,6447.0,11522.0
10,38641.0,8678.0
10,67653.0,9154.0
10,59448.0,9441.0
10,28809.0,7615.0
10,41265.0,8687.0
10,32402.0,10843.0
10,31670.0,7413.0
10,58119.0,8830.0
10,34054.0,8833.0
10,11740.0,10287.0
10,14285.0,7680.0
10,72699.0,8345.0
10,20459.0,10119.0
10,31281.0,9610.0
10,31995.0,8855.0
10,27693.0,6536.0
10,13771.0,7477.0
10,51476.0,10102.0
10,12147.0,7494.0
11,39621.0,9140.0
11,3799.0,10359.0
11,28380.0,8003.0
11,64731.0,6365.0
11,20522.0,9674.0
11,21240.0,9674.0
11,67334.0,6245.0
11,30824.0,6322.0
11,15928.0,10678.0
11,15905.0,11704.0
11,16810.0,11146.0
11,35355.0,2472.0
11,20157.0,7291.0
11,20171.0,6220.0
11,20832.0,6680.0
11,40338.0,3146.0
11,11359.0,10952.0
11,25396.0,7271.0
11,68557.0,5637.0
11,59075.0,4946.0
11,49371.0,3402.0
11,23501.0,8061.0
11,35912.0,9028.0
11,68753.0,6218.0
11,22765.0,9876.0
11,23018.0,8486.0
11,3767.0,9864.0
11,17122.0,7892.0
11,19865.0,6768.0
11,58511.0,4623.0
11,48248.0,3353.0
11,23258.0,7231.0
11,23912.0,7033.0
11,29886.0,8888.0
12,67491.0,6247.0
12,20565.0,9537.0
12,20782.0,8730.0
12,24527.0,7360.0
12,14169.0,7705.0
12,29733.0,9326.0
12,20568.0,7117.0
12,67408.0,5570.0
12,25941.0,7546.0
12,18509.0,3297.0
12,23602.0,5384.0
12,24081.0,5130.0
12,11597.0,9491.0
12,20051.0,8776.0
12,17945.0,6150.0
12,69232.0,6304.0
12,37852.0,9311.0
12,25071.0,7291.0
12,68746.0,6527.0
12,64912.0,6290.0
12,13918.0,10124.0
12,14294.0,4834.0
12,18010.0,7402.0
12,21170.0,5458.0
12,21607.0,4810.0
12,17311.0,6207.0
12,12694.0,3242.0
12,61553.0,8667.0
12,12351.0,7107.0
12,8045.0,2414.0
12,21776.0,5049.0
13,64975.0,6298.0
13,43060.0,8439.0
13,66857.0,6307.0
13,64357.0,5166.0
13,26298.0,7766.0
13,43686.0,8655.0
13,6579.0,2502.0
13,23567.0,9440.0
13,30891.0,7960.0
13,57731.0,3179.0
13,13030.0,8214.0
13,25319.0,4142.0
13,27708.0,7379.0
13,21253.0,7119.0
13,12998.0,10381.0
13,12892.0,10765.0
13,74105.0,8092.0
13,30429.0,6573.0
13,62547.0,8671.0
13,76658.0,8233.0
13,62943.0,6425.0
13,65735.0,5722.0
13,24961.0,7342.0
13,67082.0,5250.0
13,24556.0,7229.0
13,8354.0,10608.0
13,55878.0,9249.0
14,69169.0,8040.0
14,22469.0,9614.0
14,35275.0,9046.0
14,39819.0,10864.0
14,63502.0,6102.0
14,48233.0,9233.0
14,62976.0,6630.0
14,17183.0,9538.0
14,36619.0,8704.0
14,44690.0,2781.0
14,31641.0,11384.0
14,21734.0,5870.0
14,18479.0,8005.0
14,12671.0,10303.0
14,18768.0,7602.0
14,29477.0,7101.0
14,26022.0,7388.0
14,44180.0,10324.0
14,29494.0,10326.0
14,16232.0,11120.0
14,4130.0,10498.0
14,20330.0,8594.0
14,23160.0,8380.0
14,19311.0,8048.0
14,19731.0,11249.0
14,21529.0,8287.0
14,48533.0,3074.0
14,41378.0,10564.0
14,58033.0,9807.0
14,29394.0,11553.0
14,31312.0,8442.0
14,11966.0,11272.0
14,49195.0,3071.0
14,24847.0,7792.0
14,30561.0,8557.0
14,19622.0,5744.0
14,53466.0,9668.0
14,26016.0,11231.0
14,5347.0,10250.0
14,66751.0,6783.0
14,5303.0,9706.0
14,66066.0,6746.0
14,7998.0,10683.0
14,65406.0,7014.0
14,63881.0,6999.0
14,28746.0,10141.0
14,66464.0,7346.0
14,67523.0,7022.0
14,7145.0,2053.0
14,63932.0,10619.0
14,17175.0,3079.0
14,8454.0,10682.0
14,7788.0,2539.0
14,68639.0,6084.0
14,32747.0,10933.0
14,59881.0,8068.0
14,60598.0,7934.0
14,18653.0,11091.0
14,18656.0,10248.0
14,37201.0,8630.0
14,16745.0,9734.0
14,17508.0,2995.0
14,16839.0,2359.0
14,37792.0,11006.0
14,46250.0,10457.0
14,21041.0,10669.0
14,67653.0,9788.0
14,16145.0,6778.0
14,56133.0,10669.0
14,54934.0,8501.0
14,14821.0,10846.0
14,65148.0,5280.0
14,25262.0,7111.0
14,41840.0,10426.0
14,29804.0,10906.0
14,32286.0,4006.0
14,43242.0,8769.0
14,57254.0,9724.0
14,47045.0,8961.0
14,15139.0,8473.0
14,17515.0,8005.0
14,32138.0,11167.0
14,72058.0,6756.0
14,12994.0,9297.0
14,17941.0,10836.0
14,23455.0,10293.0
14,15348.0,7004.0
14,32715.0,8315.0
14,68437.0,5033.0
14,13321.0,5005.0
14,13334.0,5467.0
14,28535.0,7086.0
14,57663.0,9183.0
14,77205.0,9988.0
14,24128.0,7011.0
14,40651.0,10608.0
14,41521.0,8747.0
14,16726.0,11035.0
14,39058.0,8656.0
14,77488.0,8717.0
14,1351.0,10413.0
15,66022.0,5732.0
15,68228.0,6376.0
15,64055.0,6445.0
15,65399.0,6435.0
15,66021.0,6231.0
15,67175.0,6703.0
15,48700.0,9601.0
15,64582.0,5523.0
15,68625.0,6220.0
15,67164.0,5583.0
15,29340.0,8889.0
15,34522.0,9857.0
15,24531.0,8709.0
15,24131.0,8046.0
15,14526.0,8525.0
15,19632.0,8436.0
15,32366.0,8189.0
15,63736.0,5778.0
15,42592.0,8499.0
15,11856.0,8118.0
15,45340.0,10404.0
15,23721.0,8941.0
15,39422.0,8912.0
16,24767.0,7683.0
16,16389.0,9033.0
16,66816.0,6788.0
16,67568.0,6775.0
16,33469.0,8935.0
16,66200.0,5182.0
16,17537.0,3273.0
16,35474.0,8523.0
16,17066.0,3774.0
16,8903.0,10350.0
16,7352.0,10255.0
16,38919.0,9130.0
16,38109.0,9005.0
16,16518.0,8528.0
16,20177.0,6954.0
16,23808.0,7852.0
17,17034.0,9020.0
17,68554.0,9226.0
17,64445.0,6474.0
17,66235.0,6247.0
17,27334.0,6927.0
17,29254.0,8005.0
17,19410.0,5980.0
17,31894.0,9311.0
17,72438.0,8038.0
17,67201.0,5704.0
17,13607.0,9169.0
17,52492.0,8911.0
17,17558.0,6344.0
17,16524.0,6662.0
17,5402.0,10250.0
17,5356.0,9623.0
17,48924.0,8917.0
17,57219.0,9602.0
17,27145.0,9711.0
17,19418.0,8688.0
17,11462.0,9850.0
17,30846.0,8407.0
17,40612.0,9298.0
17,12484.0,6409.0
17,3327.0,10414.0
17,12550.0,7357.0
17,35045.0,9579.0
17,28121.0,7076.0
17,31638.0,6423.0
17,7113.0,10045.0
17,37264.0,9302.0
17,20391.0,6999.0
17,3352.0,9795.0
17,24723.0,6944.0
18,64618.0,6568.0
18,22737.0,10537.0
18,25020.0,6897.0
18,68533.0,6128.0
18,69166.0,6452.0
18,64942.0,5729.0
18,33884.0,9193.0
18,23953.0,8559.0
18,35933.0,8639.0
18,7274.0,10215.0
18,32885.0,7878.0
18,14990.0,9933.0
19,25451.0,7009.0
19,29844.0,9352.0
19,65160.0,6436.0
19,32215.0,8708.0
19,7672.0,10378.0
19,5457.0,10305.0
19,36342.0,8728.0
19,66639.0,6363.0
19,74324.0,8666.0
19,61491.0,9040.0
19,27526.0,8842.0
19,23414.0,7418.0
19,20739.0,9976.0
19,5442.0,9811.0
19,66433.0,5715.0
19,40040.0,9006.0
19,43280.0,8983.0
19,14392.0,9740.0
19,30299.0,7416.0
19,20424.0,6874.0
19,17418.0,8334.0
19,34474.0,9062.0
19,63745.0,5565.0
19,4157.0,10609.0
19,69811.0,7952.0
19,24180.0,3176.0
19,41462.0,8690.0
19,12153.0,10556.0
19,63621.0,6435.0
19,14654.0,8382.0
19,15958.0,7220.0
19,38085.0,8698.0
19,67231.0,9679.0
20,68427.0,5582.0
20,30893.0,9289.0
20,22393.0,9443.0
20,48886.0,9313.0
20,24414.0,10576.0
20,39592.0,9055.0
20,16585.0,10426.0
20,43853.0,8945.0
20,28802.0,10279.0
20,18067.0,7706.0
20,12403.0,11046.0
20,66725.0,10034.0
20,32841.0,8839.0
20,14095.0,10098.0
20,16291.0,8220.0
20,5649.0,10886.0
20,21361.0,6351.0
20,9273.0,4833.0
20,15150.0,9349.0
20,37431.0,9333.0
20,46134.0,10167.0
20,59653.0,9718.0
20,11137.0,10873.0
20,19948.0,8579.0
20,64034.0,10042.0
20,57220.0,9153.0
20,66575.0,5570.0
20,11744.0,8351.0
20,65479.0,5573.0
20,19967.0,7108.0
20,35542.0,8744.0
20,61842.0,9921.0
20,44594.0,3427.0
20,4352.0,10443.0
20,41936.0,8477.0
20,4375.0,9954.0
20,74363.0,9840.0
20,44808.0,9686.0
20,38553.0,9351.0
20,34065.0,10076.0
20,48714.0,3378.0
20,10045.0,4834.0
20,6946.0,10181.0
20,70584.0,10249.0
20,29962.0,10098.0
20,40635.0,9128.0
20,63972.0,5389.0
20,64424.0,4925.0
20,20233.0,4823.0
20,7595.0,10203.0
20,55172.0,9085.0
20,52659.0,8882.0
20,16197.0,7010.0
20,12446.0,9237.0
20,41245.0,9093.0
20,19555.0,10717.0
20,68714.0,6616.0
20,27370.0,7414.0
20,23788.0,7585.0
20,74298.0,9369.0
21,24164.0,9005.0
21,23071.0,8542.0
21,19068.0,10178.0
21,39307.0,8466.0
21,8067.0,10157.0
21,32878.0,5247.0
21,4145.0,10303.0
21,13032.0,7800.0
21,47781.0,9180.0
21,55220.0,8804.0
21,30164.0,10873.0
21,62645.0,9202.0
21,33532.0,8976.0
21,42441.0,9518.0
21,25837.0,9489.0
21,19226.0,9754.0
21,30718.0,6660.0
21,14671.0,8924.0
21,20429.0,7691.0
21,18507.0,6341.0
21,17465.0,6435.0
21,73813.0,2724.0
21,18628.0,7837.0
21,30973.0,7309.0
21,17667.0,7349.0
21,11186.0,9825.0
21,24989.0,7290.0
21,27448.0,5956.0
22,23585.0,7132.0
22,67505.0,6250.0
22,64897.0,6524.0
22,16456.0,6034.0
22,28252.0,10703.0
22,31538.0,10132.0
22,15191.0,8816.0
22,65145.0,5764.0
22,27944.0,8543.0
22,63553.0,9324.0
22,21165.0,8681.0
22,34178.0,10582.0
22,26035.0,2451.0
22,26177.0,3107.0
22,37350.0,9219.0
22,20054.0,10436.0
22,16680.0,6731.0
22,18226.0,10362.0
22,23061.0,8789.0
22,54774.0,8780.0
22,3011.0,10280.0
22,70700.0,8888.0
22,5897.0,10333.0
22,13919.0,10501.0
22,75622.0,9383.0
22,41427.0,9140.0
22,24819.0,10064.0
22,66277.0,5692.0
22,22526.0,8999.0
22,22298.0,9667.0
22,35795.0,8665.0
22,5852.0,9798.0
22,32732.0,9366.0
22,7244.0,10178.0
22,25694.0,6650.0
22,68700.0,6137.0
22,11740.0,10232.0
22,66685.0,9769.0
22,68455.0,5291.0
22,56444.0,2998.0
22,8847.0,10162.0
22,46494.0,9503.0
22,43844.0,8869.0
22,19281.0,7643.0
22,19834.0,7916.0
22,17033.0,8996.0
22,18646.0,7720.0
22,66249.0,6320.0
22,57222.0,8732.0
22,49859.0,2535.0
22,12660.0,9030.0
22,10776.0,10547.0
22,72583.0,7759.0
22,29518.0,9937.0
22,65209.0,7382.0
22,61308.0,9133.0
22,63761.0,5674.0
22,11728.0,8392.0
22,10679.0,8396.0
22,15709.0,10789.0
22,4408.0,10277.0
22,64229.0,7502.0
22,4372.0,9845.0
22,51439.0,9502.0
22,64228.0,6299.0
23,66458.0,5452.0
23,63019.0,9683.0
23,65502.0,6182.0
23,13555.0,7684.0
23,34487.0,9943.0
23,62059.0,4573.0
23,19221.0,8429.0
23,43299.0,8713.0
23,57190.0,3419.0
23,74435.0,3102.0
23,40961.0,9264.0
23,20974.0,8999.0
23,48922.0,8889.0
23,37256.0,3271.0
23,14416.0,8583.0
23,64530.0,6405.0
23,58096.0,4445.0
23,38750.0,9669.0
23,15901.0,10955.0
23,26221.0,8386.0
23,46457.0,8825.0
23,68499.0,6220.0
23,26505.0,5183.0
23,48764.0,3488.0
23,25476.0,7965.0
23,27398.0,9875.0
23,52860.0,2895.0
23,28441.0,9951.0
23,36900.0,9325.0
23,77098.0,8191.0
23,70575.0,8312.0
23,63879.0,9006.0
23,60103.0,3614.0
23,49962.0,8852.0
23,42287.0,8981.0
23,67270.0,9479.0
23,53161.0,8766.0
23,8539.0,10156.0
23,67434.0,5550.0
23,16999.0,8623.0
23,56907.0,9071.0
23,74073.0,9116.0
23,23304.0,5394.0
23,74770.0,3694.0
23,23023.0,8377.0
23,5261.0,11274.0
23,22474.0,8366.0
23,25841.0,10813.0
23,37717.0,2834.0
23,60458.0,10096.0
23,47556.0,9210.0
23,60241.0,5847.0
23,45711.0,10931.0
23,17607.0,10726.0
23,11709.0,9765.0
23,65135.0,9576.0
23,13191.0,10679.0
23,22713.0,11094.0
23,15019.0,9716.0
23,14183.0,10196.0
23,19699.0,10969.0
23,33695.0,3680.0
23,28563.0,7013.0
23,44332.0,9869.0
23,32368.0,10275.0
23,24429.0,9741.0
23,24121.0,7300.0
23,47315.0,3163.0
23,22275.0,10122.0
23,16186.0,9602.0
23,3906.0,10969.0
23,20974.0,9413.0
24,29765.0,9823.0
24,41208.0,9307.0
24,41621.0,9258.0
24,49073.0,8523.0
24,20817.0,10254.0
24,43881.0,8542.0
24,18509.0,7701.0
24,24627.0,7895.0
24,64731.0,5391.0
24,64654.0,6244.0
24,26714.0,8043.0
24,36654.0,9208.0
24,24086.0,9991.0
24,17636.0,7498.0
24,30236.0,7827.0
24,34991.0,9550.0
24,5472.0,10471.0
24,16666.0,10204.0
24,6227.0,10582.0
24,33146.0,8950.0
24,18729.0,6330.0
25,65099.0,5735.0
25,39420.0,8745.0
25,48624.0,9145.0
25,24906.0,7473.0
25,2661.0,10358.0
25,32977.0,8760.0
25,74191.0,8281.0
25,74789.0,8213.0
25,30934.0,3970.0
25,21561.0,9821.0
25,41972.0,8980.0
25,6667.0,10527.0
25,68571.0,6152.0
25,17488.0,10473.0
25,43982.0,8907.0
25,59780.0,7752.0
25,52382.0,8828.0
25,71156.0,2196.0
25,66777.0,6307.0
25,29493.0,8075.0
25,27420.0,7471.0
25,58155.0,10011.0
25,65242.0,6348.0
26,29454.0,8023.0
26,14792.0,8276.0
26,65216.0,5805.0
26,66726.0,6482.0
26,34552.0,8428.0
26,60575.0,8248.0
26,65384.0,6578.0
26,68006.0,6437.0
26,13808.0,9771.0
26,31515.0,4527.0
26,63998.0,5544.0
26,33338.0,3468.0
26,56340.0,8935.0
26,24891.0,8744.0
26,6912.0,10506.0
26,3799.0,10193.0
26,35799.0,9563.0
26,67653.0,9788.0
26,45342.0,3172.0
26,44119.0,9069.0
26,43482.0,9046.0
26,40490.0,8984.0
26,42438.0,8888.0
26,76365.0,9286.0
26,64989.0,8994.0
26,36383.0,9658.0
26,25586.0,7619.0
26,32362.0,8963.0
26,23765.0,7452.0
26,5290.0,10637.0
26,65681.0,9142.0
26,1351.0,10413.0
26,17505.0,8881.0
26,11391.0,11640.0
26,50063.0,9105.0
26,37977.0,8558.0
27,69137.0,6101.0
27,65425.0,6306.0
27,65939.0,6265.0
27,40726.0,9299.0
27,30547.0,10479.0
27,27448.0,6745.0
27,68246.0,6183.0
27,65344.0,5149.0
27,58334.0,8695.0
27,67063.0,5573.0
27,25723.0,7835.0
27,25116.0,11991.0
27,46452.0,10690.0
27,64337.0,7468.0
27,33760.0,11640.0
27,22490.0,8041.0
27,2978.0,10242.0
27,16810.0,11118.0
27,20278.0,7327.0
27,41212.0,9177.0
27,23820.0,8393.0
27,48952.0,8916.0
27,73449.0,2735.0
27,13756.0,10098.0
27,42320.0,8446.0
27,64358.0,5389.0
27,35944.0,11091.0
27,4874.0,11413.0
27,3240.0,11080.0
27,36568.0,10624.0
27,30515.0,6839.0
27,63774.0,6888.0
27,21538.0,8757.0
27,53346.0,3186.0
27,56669.0,9356.0
27,18889.0,9000.0
27,19449.0,8803.0
27,19360.0,9564.0
27,47245.0,9128.0
27,15984.0,9339.0
27,16691.0,9439.0
27,10864.0,11401.0
27,73417.0,8819.0
27,5621.0,10609.0
27,28086.0,10677.0
27,22905.0,10599.0
27,54661.0,8670.0
27,67042.0,6281.0
27,17723.0,8011.0
27,76216.0,8854.0
27,66147.0,10123.0
27,43769.0,8654.0
27,32828.0,7224.0
27,14150.0,9530.0
27,52104.0,8830.0
27,25500.0,9510.0
27,69765.0,9458.0
27,52270.0,10287.0
27,19139.0,10943.0
27,36743.0,11289.0
27,68982.0,5606.0
27,31135.0,7880.0
27,68090.0,5571.0
27,19790.0,5467.0
27,66191.0,5611.0
27,40259.0,11024.0
27,28493.0,7319.0
27,44579.0,10901.0
27,76013.0,1852.0
27,11993.0,11190.0
27,61311.0,9068.0
27,4349.0,10311.0
27,49524.0,10539.0
27,40752.0,10782.0
27,15863.0,7488.0
27,71697.0,9937.0
27,38921.0,11547.0
27,7300.0,11466.0
27,19000.0,2302.0
27,11837.0,7395.0
27,35728.0,8389.0
27,18198.0,2082.0
27,12831.0,9104.0
27,11733.0,9298.0
27,12258.0,9759.0
27,11571.0,9739.0
27,12060.0,8801.0
27,11794.0,10176.0
27,19466.0,7700.0
27,34249.0,9115.0
27,33521.0,9196.0
27,27088.0,6394.0
27,32508.0,10253.0
27,16718.0,6576.0
27,14262.0,5616.0
27,24206.0,7144.0
27,45995.0,10605.0
27,24009.0,7456.0
27,59399.0,4488.0
27,51893.0,10554.0
27,42389.0,11102.0
28,29425.0,8660.0
28,19838.0,7576.0
28,28943.0,9185.0
28,34929.0,8488.0
28,61863.0,8834.0
28,24102.0,4183.0
28,70633.0,225.0
28,66777.0,10125.0
28,23567.0,4583.0
28,20366.0,9380.0
28,27944.0,6420.0
28,19445.0,10412.0
28,20442.0,10126.0
28,18900.0,9774.0
28,19172.0,9329.0
28,71567.0,957.0
28,13524.0,7866.0
28,14009.0,8205.0
28,34103.0,8586.0
28,12128.0,10831.0
28,23146.0,8735.0
28,20741.0,6555.0
28,22827.0,6599.0
29,24883.0,9440.0
29,29585.0,8518.0
29,34319.0,9940.0
29,75207.0,5552.0
29,23320.0,7762.0
29,39452.0,9081.0
29,5015.0,10609.0
29,67423.5,6679.5
29,70251.0,9394.0
29,68709.0,5316.0
29,64623.0,5531.0
29,54362.0,9149.0
29,64545.0,4688.0
29,55113.0,8973.0
29,66397.0,9813.0
29,69407.0,10643.0
29,26675.0,9058.0
29,37345.0,10431.0
29,46691.0,9501.0
29,35248.0,10748.0
29,71506.0,9968.0
29,38808.0,8432.0
29,31764.0,10435.0
29,67039.0,8621.0
29,67240.0,9506.0
29,66290.0,8832.0
29,70045.0,10229.0
29,69589.0,9942.0
29,65535.0,5673.0
29,32295.0,10311.0
29,19320.0,9994.0
29,20451.0,7759.0
29,13239.0,9804.0
29,14104.0,9315.0
29,16064.0,10594.0
29,18628.0,6504.0
29,26669.0,7006.0
29,17531.0,8427.0
29,24156.0,9368.0
29,14066.0,7515.0
29,15174.0,7304.0
29,68573.0,6533.0
29,11600.0,7397.0
29,12153.0,7131.0
29,70950.0,9679.0
29,42177.0,8985.0
29,22121.0,7167.0
29,63370.0,6952.0
29,21248.0,5837.0
29,20841.0,5868.0
29,29088.0,8537.0
29,32689.0,8519.0
29,44174.0,9574.0
29,44293.0,10439.0
29,64974.0,5831.0
29,17061.0,5946.0
29,22827.0,7833.0
29,63541.0,7472.0
29,16746.0,6388.0
29,16141.0,8961.0
29,66805.0,6507.0
29,12019.0,10942.0
29,7012.0,10483.0
29,30528.0,5499.0
29,64015.0,7926.0
29,12399.0,10525.0
29,68152.0,5449.0
29,31613.0,8981.0
29,64579.0,7539.0
29,64275.0,6278.0
29,64936.0,4841.0
29,63961.0,6445.0
29,21683.0,7293.0
29,65767.0,6286.0
29,65985.0,6403.0
30,64651.0,5340.0
30,66071.0,5489.0
30,76253.0,3963.0
30,64503.0,6341.0
30,68962.0,6130.0
30,60700.0,9025.0
30,24990.0,7211.0
30,28767.0,9189.0
30,17229.0,8920.0
30,10743.0,9802.0
30,68780.0,5159.0
30,36956.0,9326.0
30,17826.0,8952.0
30,24023.0,9114.0
30,23101.0,9206.0
30,24108.0,10250.0
30,66750.0,6206.0
30,67201.0,6405.0
30,22707.0,9932.0
30,16012.0,11148.0
30,13322.0,10022.0
30,13709.0,9494.0
30,65465.0,5687.0
30,30662.0,6683.0
30,31050.0,10834.0
30,30196.0,8076.0
30,30859.0,8076.0
30,65460.0,6660.0
30,20658.0,9586.0
30,33726.0,9540.0
30,67327.0,5380.0
30,16923.0,6164.0
30,60021.0,8400.0
30,4490.0,10387.0
30,4482.0,9814.0
30,21117.0,6571.0
30,8412.0,10336.0
30,7715.0,10377.0
30,27404.0,10604.0
30,27151.0,9574.0
30,20352.0,9848.0
30,49863.0,9078.0
30,24738.0,7790.0
30,28771.0,9698.0
30,45117.0,9599.0
30,19316.0,6579.0
30,15972.0,8514.0
30,15629.0,9573.0
30,44325.0,9964.0
31,68669.0,6269.0
31,30858.0,3247.0
31,64651.0,6463.0
31,65324.0,5805.0
31,24662.0,9211.0
31,66672.0,6357.0
31,23448.0,7208.0
31,21802.0,9543.0
31,30196.0,2818.0
31,36932.0,9212.0
31,36438.0,9688.0
31,19299.0,10513.0
31,30299.0,8476.0
32,25309.0,8477.0
32,21722.0,6936.0
32,21788.0,6116.0
32,55390.0,8887.0
32,43247.0,8603.0
32,22538.0,10533.0
32,23199.0,9573.0
32,30546.0,10451.0
32,30813.0,9699.0
32,31147.0,4299.0
32,17352.0,8247.0
32,66386.0,6782.0
32,40477.0,8565.0
32,16251.0,9628.0
32,12372.0,10443.0
32,11714.0,10589.0
32,16151.0,4662.0
32,16173.0,3666.0
32,25331.0,9648.0
32,47696.0,9181.0
32,62361.0,9721.0
32,6896.0,10254.0
32,62508.0,10404.0
32,23149.0,10927.0
32,14420.0,10563.0
32,20600.0,8351.0
32,17778.0,5880.0
32,68939.0,6459.0
32,76112.0,8987.0
32,16263.0,8986.0
32,68468.0,7907.0
32,19877.0,9851.0
32,20058.0,10659.0
32,19723.0,5746.0
32,5319.0,10443.0
32,19379.0,10160.0
32,68586.0,9085.0
32,34796.0,9179.0
32,64366.0,6699.0
32,64924.0,6396.0
32,68688.0,7813.0
32,67351.0,5632.0
32,68373.0,5262.0
32,41988.0,10168.0
32,69084.0,8395.0
32,12725.0,5610.0
32,12035.0,5037.0
32,11759.0,5409.0
32,17890.0,8176.0
32,37808.0,8694.0
32,11995.0,6123.0
32,24754.0,8631.0
32,16906.0,4318.0
32,12507.0,7720.0
32,11618.0,8147.0
32,11861.0,7842.0
32,76023.0,8727.0
32,21537.0,9830.0
32,21101.0,10163.0
32,46240.0,9419.0
32,19580.0,7018.0
32,28768.0,9229.0
32,19165.0,7054.0
32,23457.0,10235.0
32,29619.0,8642.0
32,20954.0,2614.0
32,37359.0,8910.0
32,69461.0,8958.0
32,20886.0,8823.0
32,15390.0,7559.0
32,12231.0,2624.0
32,13466.0,9577.0
32,25697.0,9883.0
32,22344.0,11621.0
32,68185.0,8503.0
32,42466.0,9846.0
33,65810.0,6354.0
33,53215.0,9158.0
33,43197.0,10333.0
33,69010.0,6069.0
33,14264.0,11420.0
33,24932.0,7527.0
33,64049.0,6678.0
33,68379.0,6177.0
33,8695.0,2576.0
33,13772.0,10208.0
33,68991.0,5315.0
33,66639.0,5724.0
33,47788.0,9407.0
33,20126.0,5543.0
33,17188.0,8753.0
33,68412.0,5447.0
33,25585.0,5661.0
33,23390.0,7312.0
33,17865.0,8469.0
33,58283.0,9973.0
33,63011.0,5583.0
33,25965.0,6967.0
33,27170.0,6850.0
33,35489.0,9162.0
33,25243.0,10189.0
33,60847.0,5767.0
33,7134.0,10527.0
33,18714.0,10611.0
33,33844.0,2194.0
33,33393.0,3158.0
33,31023.0,3624.0
33,71332.0,8871.0
33,16749.0,10259.0
33,8456.0,10426.0
33,28659.0,9451.0
33,29542.0,9522.0
33,14717.0,8252.0
33,14452.0,8471.0
33,29155.0,9005.0
33,18507.0,4530.0
33,17813.0,4280.0
33,24202.0,11188.0
33,32586.0,8518.0
33,23355.0,11586.0
33,12951.0,8041.0
33,21863.0,8957.0
33,58851.0,8187.0
33,67148.0,6709.0
33,11828.0,5719.0
33,45706.0,9395.0
33,12843.0,5247.0
33,31985.0,7514.0
33,59580.0,3096.0
33,76003.0,9044.0
33,59815.0,9819.0
33,63591.0,9318.0
33,64318.0,9410.0
33,28968.0,5731.0
33,20314.0,4895.0
33,52244.0,8773.0
33,61083.0,8170.0
33,75884.0,8757.0
33,14897.0,11305.0
33,75485.0,3176.0
33,19686.0,7368.0
33,27724.0,9822.0
33,12896.0,6517.0
33,14772.0,6300.0
33,33461.0,9603.0
33,27255.0,3764.0
33,56001.0,2330.0
33,15802.0,9809.0
33,55490.0,1708.0
33,34140.0,2823.0
33,18274.0,10862.0
33,26424.0,4999.0
33,19771.0,8687.0
33,26656.0,7853.0
33,36033.0,10467.0
33,36500.0,9546.0
33,38664.0,2260.0
33,16007.0,4297.0
33,18208.0,6412.0
33,17508.0,7068.0
33,17213.0,6179.0
33,12172.0,5148.0
33,15295.0,8448.0
33,10496.0,10192.0
33,59767.0,6399.0
33,4350.0,10858.0
33,6320.0,10406.0
33,67216.0,5304.0
33,11423.0,8340.0
33,36015.0,1661.0
33,11124.0,8835.0
33,30800.0,6616.0
33,62753.0,6037.0
33,11646.0,5043.0
33,38306.0,8812.0
33,1489.0,10580.0
33,3826.0,10470.0
33,58613.0,10128.0
33,16532.0,2277.0
33,43248.0,11114.0
33,16367.0,2998.0
33,24261.0,8402.0
33,75901.0,3897.0
33,22799.0,4117.0
33,3825.0,9971.0
34,33076.0,8823.0
34,31029.0,9337.0
34,31064.0,8754.0
34,32486.0,3021.0
34,64641.0,1285.0
34,21276.0,6477.0
34,22092.0,6075.0
34,65573.0,5104.0
34,28509.0,7624.0
34,65506.0,612.0
34,24488.0,8027.0
34,21846.0,8299.0
34,62592.0,3140.0
34,25532.0,7011.0
34,36069.0,8669.0
34,23652.0,10326.0
34,23265.0,7048.0
34,38664.0,9811.0
34,56195.0,8796.0
34,15504.0,9354.0
34,26372.0,7105.0
34,35520.0,8661.0
34,31737.0,8041.0
35,59471.0,8692.0
35,77246.0,8754.0
35,67836.0,6202.0
35,28006.0,11347.0
35,36878.0,9955.0
35,42316.0,8865.0
35,33447.0,8880.0
35,60448.0,8976.0
35,27487.0,7837.0
35,11325.0,9989.0
35,33779.0,9966.0
35,32850.0,9928.0
35,56482.0,9558.0
35,52393.0,9735.0
35,28183.0,8238.0
35,8139.0,11551.0
35,2188.0,10358.0
35,26073.0,6864.0
35,14142.0,7860.0
35,30777.0,11144.0
35,30302.0,7473.0
35,23268.0,6969.0
35,23532.0,10555.0
35,21319.0,11093.0
35,47774.0,8954.0
35,40059.0,9864.0
35,44013.0,9699.0
35,24715.0,11528.0
35,25209.0,11093.0
35,23942.0,10102.0
35,49586.0,10243.0
35,66526.0,6426.0
35,35553.0,10428.0
35,14256.0,4416.0
35,74444.0,7945.0
35,12782.0,10602.0
35,72132.0,9683.0
35,21682.0,9079.0
35,10528.0,10937.0
35,19953.0,6456.0
35,25195.0,8971.0
35,31270.0,8855.0
35,42091.0,10454.0
35,16204.0,8327.0
35,47103.0,9016.0
35,22328.0,11352.0
35,19142.0,11194.0
35,71680.0,7207.0
35,72350.0,8751.0
35,64371.0,6835.0
35,57829.0,10070.0
35,20175.0,8175.0
35,29628.0,7455.0
35,18373.0,7735.0
35,13950.0,10307.0
35,16845.0,6208.0
35,49246.0,9168.0
35,28046.0,7812.0
35,16895.0,9637.0
35,18592.0,9555.0
35,14995.0,4256.0
35,75917.0,10531.0
35,76466.0,5591.0
35,71670.0,8856.0
35,22163.0,7161.0
35,59885.0,8474.0
35,21534.0,10760.0
35,22191.0,10671.0
35,15816.0,10126.0
35,41018.0,9657.0
35,41730.0,10630.0
36,68014.0,5093.0
36,67453.0,6230.0
36,66858.0,6457.0
36,59683.0,496.0
36,61432.0,1195.0
36,64588.0,5709.0
36,65228.0,5776.0
36,77450.0,9736.0
36,65905.0,6345.0
36,31804.0,6843.0
36,60098.0,6518.0
36,66591.0,5705.0
36,63979.0,6660.0
36,77466.0,9048.0
36,58257.0,8785.0
36,39568.0,9395.0
36,25415.0,9848.0
36,61586.0,237.0
36,18568.0,8185.0
36,27365.0,6285.0
36,28343.0,7638.0
36,22831.0,5171.0
36,23033.0,4356.0
36,38548.0,10276.0
36,68993.0,5159.0
36,21574.0,4378.0
36,22307.0,7345.0
36,32805.0,8216.0
37,30894.0,9559.0
37,20205.0,6914.0
37,25013.0,7581.0
37,35465.0,9105.0
37,38723.0,9212.0
37,64940.0,4998.0
37,25156.0,10563.0
37,25698.0,10372.0
37,17829.0,5512.0
37,71696.0,9094.0
37,54995.0,8723.0
37,4323.0,10225.0
37,16830.0,5843.0
37,41810.0,9288.0
37,17177.0,5143.0
37,16548.0,8994.0
37,6479.0,10047.0
37,47997.0,8924.0
37,28729.0,7611.0
37,61644.0,9540.0
37,76242.0,10122.0
37,23471.0,7314.0
37,73353.0,5695.0
37,14444.0,7776.0
37,38292.0,10183.0
37,13705.0,10562.0
37,33414.0,9620.0
37,36926.0,8598.0
37,76478.0,11045.0
37,47613.0,9210.0
37,21874.0,8764.0
37,52867.0,10370.0
37,32122.0,9136.0
37,75380.0,8664.0
37,16733.0,9267.0
37,75919.0,8579.0
37,65864.0,7001.0
38,16301.0,7587.0
38,66989.0,6231.0
38,8149.0,10541.0
38,43614.0,9298.0
38,13869.0,10914.0
38,19163.0,7503.0
38,36896.0,8681.0
38,28342.0,8960.0
38,40123.0,8923.0
38,29131.0,9071.0
38,65405.0,6419.0
38,10505.0,11711.0
38,24044.0,10567.0
38,25123.0,7557.0
38,15111.0,8937.0
38,2215.0,10414.0
38,48932.0,9714.0
38,47107.0,9242.0
38,71424.0,9969.0
38,59355.0,8927.0
38,17902.0,9781.0
38,68772.0,6268.0
38,38330.0,9149.0
38,16661.0,5884.0
38,65951.0,10054.0
38,36388.0,10179.0
38,31088.0,9584.0
38,42182.0,9278.0
38,54696.0,9061.0
38,16859.0,10341.0
38,32568.0,6825.0
38,15816.0,10071.0
38,32151.0,4768.0
38,17858.0,7762.0
38,61008.0,9329.0
38,12766.0,8486.0
38,13013.0,9450.0
38,13269.0,8782.0
38,12445.0,9155.0
38,33088.0,9307.0
38,10746.0,10216.0
38,52513.0,9305.0
38,11602.0,10206.0
38,11237.0,9219.0
38,68382.0,5595.0
38,64453.0,6356.0
38,31676.0,7245.0
38,15461.0,7501.0
38,4878.0,10194.0
38,22276.0,8471.0
38,16634.0,9625.0
38,6337.0,10472.0
38,25472.0,9509.0
38,28467.0,7232.0
38,58535.0,3627.0
38,23194.0,6786.0
38,13648.0,7569.0
38,20751.0,10755.0
38,20494.0,7268.0
38,35706.0,9250.0
38,14715.0,4867.0
38,56099.0,9162.0
38,11951.0,5435.0
38,30249.0,7763.0
38,67120.0,5440.0
38,48429.0,9203.0
38,21798.0,6045.0
38,72665.0,6825.0
38,45370.0,9597.0
38,58006.0,5850.0
38,67443.0,6169.0
38,23452.0,7872.0
38,23919.0,7800.0
38,57532.0,8785.0
38,68990.0,8682.0
38,12260.0,10116.0
38,21513.0,9436.0
38,17039.0,8411.0
38,26801.0,6799.0
38,18438.0,6085.0
38,40598.0,8903.0
38,20173.0,5230.0
38,19624.0,9474.0
38,24517.0,5142.0
38,32978.0,7472.0
38,20972.0,9815.0
38,69432.0,9042.0
38,68823.0,8459.0
39,66485.0,6258.0
39,64486.0,6459.0
39,26214.0,7604.0
39,4905.0,10388.0
39,4891.0,9692.0
39,18318.0,9862.0
39,23951.0,9759.0
39,63818.0,5778.0
39,20235.0,6683.0
39,27007.0,7628.0
39,68531.0,5634.0
39,29129.0,9555.0
39,27823.0,9240.0
39,65831.0,5417.0
39,64918.0,5368.0
39,15953.0,10319.0
39,65531.0,6478.0
39,15240.0,6754.0
39,32491.0,8861.0
39,15393.0,5937.0
39,7161.0,10279.0
39,16399.0,5760.0
39,18598.0,6726.0
39,40462.0,9012.0
39,29833.0,6741.0
39,15716.0,5563.0
39,24215.0,7994.0
39,16090.0,8854.0
39,16272.0,8360.0
39,13202.0,9176.0
39,22419.0,8914.0
39,20604.0,9557.0
39,36143.0,9398.0
39,14833.0,9654.0
39,43848.0,9116.0
39,23403.0,8521.0
39,21462.0,9171.0
39,2244.0,10234.0
39,34194.0,9114.0
39,20205.0,7753.0
39,13080.0,10434.0
39,31429.0,7910.0
39,26453.0,7028.0
39,6008.0,10278.0
39,12040.0,6627.0
39,5906.0,9769.0
39,9184.0,10355.0
40,67414.0,6356.0
40,25167.0,8971.0
40,64821.0,6404.0
40,68362.0,6250.0
40,64679.0,5477.0
40,60965.0,7544.0
40,65938.0,6279.0
40,59242.0,8044.0
40,2187.0,10441.0
40,13510.0,9801.0
40,23353.0,8356.0
40,23553.0,10790.0
40,19811.0,8240.0
40,24235.0,1362.0
40,67095.0,6331.0
40,8557.0,10335.0
40,16086.0,9492.0
40,44919.0,10640.0
40,58193.0,9078.0
40,16698.0,7286.0
40,39566.0,9225.0
40,56442.0,9904.0
40,53940.0,8899.0
40,49144.0,8830.0
40,14609.0,7897.0
41,68647.0,6189.0
41,7894.0,10200.0
41,25505.0,7247.0
41,8623.0,10314.0
41,4886.0,10408.0
41,65648.0,6332.0
41,64445.0,5806.0
41,23028.0,6913.0
41,28111.0,10150.0
41,67385.0,6303.0
41,35550.0,9078.0
41,48566.0,9117.0
41,12640.0,9756.0
41,2649.0,10403.0
41,57908.0,8992.0
41,39003.0,9046.0
41,14187.0,9161.0
41,20488.0,9857.0
41,43587.0,9499.0
41,64495.0,7001.0
41,6367.0,10255.0
41,27504.0,10130.0
41,17120.0,8628.0
42,34020.0,10735.0
42,65115.0,6367.0
42,21046.0,9578.0
42,20877.0,10260.0
42,18574.0,9176.0
42,29501.0,8970.0
42,36022.0,9058.0
42,25471.0,9993.0
42,64494.0,5061.0
42,25206.0,7373.0
42,49090.0,8859.0
42,29692.0,10851.0
42,37189.0,9019.0
42,60660.0,9994.0
42,31343.0,2164.0
42,55372.0,9225.0
42,19873.0,11333.0
42,45147.0,9314.0
42,15133.0,5878.0
42,19089.0,11363.0
42,28164.0,9678.0
42,15046.0,6805.0
42,41490.0,10178.0
42,16085.0,5644.0
42,74620.0,7478.0
42,8195.0,10297.0
42,59921.0,6172.0
42,2835.0,10408.0
42,65463.0,10775.0
42,41145.0,9390.0
42,40730.0,10285.0
42,62098.0,8694.0
42,76928.0,8258.0
42,69189.0,9922.0
42,53122.0,10633.0
42,68654.0,9663.0
42,66097.0,5468.0
42,65417.0,4128.0
42,62655.0,9044.0
42,71632.0,9307.0
42,38975.0,9215.0
42,31635.0,11049.0
42,22185.0,9693.0
42,34398.0,8977.0
42,30908.0,2699.0
42,22397.0,3435.0
42,31059.0,7018.0
42,74721.0,9862.0
42,26992.0,10957.0
42,49116.0,10587.0
42,12694.0,9700.0
42,14425.0,10633.0
42,27205.0,4443.0
42,30946.0,9120.0
42,16969.0,10368.0
42,72659.0,7636.0
42,13549.0,11465.0
42,35683.0,10638.0
42,15977.0,8171.0
42,16544.0,8179.0
42,15363.0,8512.0
42,18434.0,8499.0
42,58402.0,3273.0
42,28582.0,7581.0
42,61170.0,2431.0
42,32894.0,8788.0
42,31944.0,5109.0
42,51378.0,10692.0
42,18481.0,3270.0
42,58167.0,8696.0
42,37112.0,3829.0
42,23906.0,10390.0
42,46631.0,9274.0
42,43617.0,10153.0
42,25371.0,5798.0
42,25950.0,2541.0
42,23347.0,5707.0
42,32627.0,9648.0
42,41832.0,10022.0
42,41274.0,10862.0
42,50669.0,9673.0
42,10471.0,10717.0
42,32511.0,4943.0
42,61136.0,2857.0
42,40502.0,9381.0
42,24171.0,9964.0
42,22892.0,10921.0
42,31625.0,8041.0
42,44124.0,10296.0
42,39142.0,8824.0
42,63927.0,5310.0
42,32092.0,10837.0
42,3157.0,10886.0
42,41506.0,9343.0
42,16670.0,10896.0
42,41744.0,10659.0
43,30937.0,8422.0
43,41709.0,9659.0
43,28547.0,7221.0
43,45116.0,9827.0
43,71990.0,10031.0
43,38948.0,10078.0
43,38325.0,3767.0
43,35104.0,9128.0
43,55774.0,9478.0
43,33774.0,9158.0
43,14481.0,10681.0
43,52898.0,10077.0
43,35625.0,10166.0
43,43447.0,9622.0
43,40557.0,10282.0
43,22221.0,7955.0
43,41154.0,10171.0
43,13219.0,9357.0
43,20066.0,7318.0
43,19522.0,7777.0
43,14712.0,8780.0
43,66230.0,6231.0
43,65652.0,10217.0
43,20735.0,8779.0
43,20330.0,8921.0
43,20042.0,8486.0
43,36280.0,10061.0
43,24859.0,9075.0
43,7328.0,10197.0
43,12648.0,10933.0
43,27863.0,10375.0
43,62613.0,6748.0
43,18779.0,11168.0
43,16172.0,10179.0
43,37863.0,10235.0
43,11846.0,9654.0
43,10989.0,9331.0
43,4518.0,10470.0
43,50167.0,9418.0
43,48211.0,9404.0
43,10691.0,10382.0
43,51769.0,8889.0
43,42075.0,9593.0
44,24128.0,7011.0
44,64341.0,5820.0
44,31137.0,8928.0
44,67644.0,5559.0
44,66425.0,6285.0
44,19461.0,10805.0
44,17671.0,8669.0
44,54039.0,10715.0
44,68108.0,6360.0
44,26315.0,6817.0
44,64617.0,6935.0
44,3798.0,10415.0
44,47474.0,9296.0
44,42037.0,8642.0
44,3792.0,9754.0
44,28132.0,8362.0
44,13792.0,10825.0
44,14730.0,11208.0
44,21574.0,9089.0
45,24363.0,10284.0
45,21071.0,6599.0
45,66859.0,6730.0
45,30722.0,8152.0
45,3093.0,10377.0
45,33785.0,8774.0
45,14101.0,9251.0
45,41353.0,8908.0
45,27774.0,9307.0
45,65643.0,6265.0
45,20930.0,9287.0
45,73191.0,223.0
45,65760.0,5597.0
45,18956.0,8244.0
45,61230.0,9329.0
45,48389.0,8893.0
45,6712.0,10245.0
45,59645.0,8069.0
45,11927.0,9543.0
45,17102.0,9677.0
45,15264.0,9424.0
45,22760.0,8727.0
45,5399.0,10288.0
45,18580.0,9874.0
45,26243.0,7792.0
45,36022.0,8530.0
45,54804.0,8892.0
45,16724.0,7953.0
45,26456.0,7317.0
45,62943.0,9040.0
45,38362.0,8757.0
45,49955.0,9191.0
45,19983.0,5580.0
46,39035.0,10285.0
46,72372.0,7542.0
46,6090.0,10416.0
46,62565.0,8517.0
46,28990.0,9447.0
46,66765.0,8700.0
46,29352.0,7807.0
46,18543.0,10110.0
46,11881.0,10862.0
46,35451.0,11172.0
46,23716.0,11088.0
46,25020.0,6871.0
46,32911.0,9510.0
46,19154.0,8844.0
46,63933.0,8410.0
46,27349.0,7214.0
46,15657.0,9511.0
46,17327.0,9123.0
46,47409.0,10042.0
46,31198.0,9555.0
46,19364.0,5208.0
46,27806.0,9821.0
46,13113.0,9578.0
46,37931.0,11312.0
46,67890.0,5348.0
46,8437.0,10494.0
46,60752.0,8274.0
46,4434.0,10720.0
46,18543.0,6479.0
46,26860.0,7061.0
46,22552.0,10244.0
46,39744.0,9772.0
46,4379.0,10145.0
46,33986.0,10745.0
46,10327.0,9779.0
46,11401.0,8888.0
46,29939.0,6055.0
46,7161.0,10224.0
46,43619.0,10183.0
46,26572.0,7798.0
46,14654.0,6104.0
46,15176.0,5890.0
46,12730.0,8172.0
46,49053.0,9857.0
46,30613.0,5705.0
46,13099.0,6887.0
46,11164.0,6277.0
46,10218.0,6178.0
46,5484.0,10278.0
46,45878.0,10052.0
46,38137.0,8977.0
46,5386.0,9758.0
46,20071.0,11445.0
46,55218.0,8749.0
46,44811.0,9374.0
46,56561.0,10019.0
46,62057.0,6682.0
46,54352.0,10505.0
46,20463.0,8749.0
46,52555.0,10255.0
46,42908.0,10886.0
46,22184.0,6806.0
46,21737.0,8508.0
46,24524.0,9124.0
46,16340.0,10842.0
46,41710.0,8617.0
46,21849.0,10692.0
46,72724.0,9711.5
46,32049.0,8926.0
46,36610.0,8927.0
46,28532.0,8589.0
46,50698.0,9271.0
46,48548.0,10034.0
46,30146.0,9266.0
46,25127.0,10534.0
46,7051.0,9679.0
46,76972.0,8977.0
46,59055.0,9574.0
46,49848.0,9794.0
46,41433.0,8662.0
46,33667.0,8579.0
46,19198.0,11166.0
46,57899.0,9624.0
46,3300.0,10331.0
46,57619.0,8229.0
46,2958.0,11609.0
46,41395.0,10955.0
46,6017.0,9820.0
47,24050.0,6906.0
47,22516.0,6956.0
47,6302.0,10183.0
47,66885.0,6655.0
47,16860.0,10452.0
47,68730.0,5605.0
47,25894.0,9603.0
47,64249.0,6719.0
47,11878.0,10395.0
47,21122.0,9294.0
47,65489.0,5768.0
47,18449.0,7144.0
47,57656.0,8561.0
47,62718.0,10099.0
47,16513.0,6260.0
47,68670.0,6420.0
47,13021.0,7751.0
47,13613.0,8829.0
47,27402.0,9640.0
47,28621.0,8704.0
47,24187.0,9229.0
47,55734.0,9938.0
47,67165.0,5631.0
47,48666.0,9458.0
47,12451.0,7989.0
47,8679.0,10531.0
47,21140.0,8557.0
47,54835.0,10354.0
47,31474.0,9552.0
47,16100.0,8428.0
47,16825.0,8278.0
47,19990.0,9962.0
47,51886.0,8665.0
47,60648.0,6475.0
47,59734.0,6352.0
47,22604.0,4096.0
47,43705.0,9395.0
47,11401.0,8915.0
47,51772.0,10601.0
47,38642.0,8429.0
47,30224.0,7971.0
47,10520.0,9584.0
47,34176.0,9651.0
47,11175.0,5377.0
47,19462.0,10132.0
47,20987.0,7928.0
48,68411.0,6155.0
48,66379.0,5685.0
48,66757.0,6237.0
48,31760.0,7228.0
48,31111.0,6728.0
48,24045.0,7114.0
48,27569.0,6587.0
48,21274.0,6220.0
48,29511.0,7218.0
48,19306.0,9908.0
48,67841.0,5667.0
48,17944.0,8416.0
48,32951.0,8843.0
48,14922.0,9079.0
48,7186.0,10346.0
48,73213.0,8072.0
48,65228.0,6359.0
48,41443.0,10092.0
48,2992.0,10719.0
48,61787.0,7097.0
48,64162.0,6747.0
48,67753.0,9445.0
48,48724.0,8862.0
48,25613.0,7354.0
48,59986.0,7744.0
48,35690.0,9053.0
48,39448.0,8689.0
48,43450.0,9288.0
48,64462.0,8891.0
48,20888.0,10500.0
48,12699.0,9633.0
48,16610.0,10011.0
48,37569.0,9449.0
48,66673.0,9051.0
48,12747.0,8117.0
48,58325.0,8926.0
48,5512.0,10250.0
48,12065.0,9569.0
48,27733.0,9053.0
48,5414.0,9758.0
48,56191.0,9360.0
48,54445.0,9091.0
48,31169.0,9445.0
48,46937.0,9159.0
48,41863.0,9965.0
48,16594.0,7913.0
48,24233.0,8401.0
48,28936.0,9613.0
48,40254.0,2256.0
48,38500.0,8955.0
48,21637.0,9108.0
48,20949.0,9073.0
48,19689.0,6698.0
48,19547.0,7388.0
48,11218.0,10513.0
48,17952.0,10299.0
48,62326.0,7348.0
48,22625.0,6614.0
49,65717.0,5707.0
49,76377.0,3210.0
49,19923.0,7910.0
49,68496.0,6322.0
49,66298.0,6208.0
49,29638.0,8083.0
49,32387.0,7985.0
49,67628.0,5146.0
49,64341.0,5734.0
49,64456.0,6392.0
49,23517.0,7553.0
49,19992.0,7427.0
49,69180.0,8973.0
49,65430.0,6255.0
49,13487.0,10347.0
49,13584.0,9653.0
49,68936.0,5304.0
49,23260.0,7895.0
49,56187.0,3341.0
49,58430.0,3320.0
49,66643.0,5396.0
49,76141.0,3982.0
49,32772.0,10397.0
49,23957.0,8423.0
49,25726.0,10315.0
49,27513.0,4034.0
49,61472.0,8691.0
50,66808.0,6878.0
50,67667.0,6251.0
50,29154.0,9306.0
50,64349.0,6497.0
50,23575.0,7448.0
50,66204.0,5422.0
50,22981.0,6756.0
50,18051.0,7671.0
50,30061.0,5413.0
50,63806.0,5783.0
50,15468.0,8681.0
50,46882.0,2259.0
50,50850.0,833.0
50,13242.0,10268.0
50,35044.0,8407.0
50,31298.0,433.0
50,35434.0,8715.0
51,63997.0,6390.0
51,65979.0,6266.0
51,66695.0,5645.0
51,65028.0,6383.0
51,67731.0,6256.0
51,25531.0,7859.0
51,64831.0,5421.0
51,22370.0,6777.0
51,11080.0,10598.0
51,18130.0,8790.0
51,17880.0,4805.0
51,64189.0,5467.0
52,75665.0,2791.0
52,68841.0,6574.0
52,68276.0,6581.0
52,23372.0,7817.0
52,39087.0,9161.0
52,39927.0,8948.0
52,64994.0,6825.0
52,36856.0,9014.0
52,67351.0,5648.0
52,63817.0,5885.0
52,33925.0,8446.0
52,66835.0,7001.0
52,25504.0,7751.0
52,73623.0,8687.0
52,21718.0,8864.0
52,21684.0,9360.0
52,20136.0,10323.0
52,19722.0,9685.0
52,64212.0,6756.0
52,68944.0,5595.0
52,42310.0,8937.0
52,65335.0,5606.0
52,21990.0,6359.0
52,21195.0,7249.0
52,20635.0,7846.0
52,31339.0,8666.0
52,30221.0,6142.0
52,30324.0,5628.0
52,29796.0,5399.0
52,28240.0,5900.0
52,29736.0,6430.0
52,13407.0,9396.0
52,16747.0,9496.0
52,43987.0,9114.0
52,47211.0,10101.0
52,12760.0,11424.0
52,48275.0,8866.0
52,29707.0,9437.0
52,72686.0,8301.0
52,11736.0,9710.0
52,18458.0,6242.0
52,31661.0,9163.0
52,50190.0,9332.0
52,72434.0,9946.0
52,53075.0,9075.0
52,40625.0,8903.0
52,50643.0,8902.0
52,13030.0,10982.0
53,68333.0,5606.0
53,64574.0,5264.0
53,7009.0,10623.0
53,29667.0,7772.0
53,40853.0,9703.0
53,66346.0,5684.0
53,27887.0,8274.0
53,30615.0,8653.0
53,32975.0,8705.0
53,62511.0,8461.0
53,64566.0,6722.0
53,25531.0,8047.0
53,38094.0,10034.0
53,22057.0,6524.0
53,57412.0,9095.0
53,36342.0,9316.0
53,42294.0,10927.0
53,15450.0,6340.0
53,34405.0,8894.0
53,68159.0,9207.0
53,68834.0,9297.0
53,29702.0,6833.0
53,31865.0,10271.0
53,14655.0,7890.0
53,23941.0,7989.0
53,13760.0,10698.0
53,13069.0,9617.0
53,12642.0,10002.0
53,49048.0,9170.0
53,21599.0,10463.0
53,45899.0,8718.0
53,17725.0,8478.0
53,16558.0,8898.0
53,17807.0,11282.0
53,42329.0,10363.0
53,21790.0,8325.0
53,30156.0,10178.0
53,28225.0,10926.0
53,13851.0,9878.0
53,65522.0,5848.0
53,54526.0,10652.0
53,25352.0,11304.0
53,12103.0,11270.0
53,23811.0,10766.0
53,26587.0,8778.0
53,33861.0,9803.0
53,26039.0,10293.0
53,59064.0,1376.0
53,45342.0,9683.0
53,14818.0,11098.0
53,20074.0,6383.0
53,59803.0,7486.0
53,19944.0,10548.0
53,19252.0,11054.0
53,12061.0,9048.0
53,30151.0,4646.0
53,31344.5,9208.5
53,30892.0,5704.0
53,32814.0,7536.0
53,24749.0,8990.0
53,23650.0,9470.0
53,33241.0,9552.0
53,16559.0,10758.0
53,11302.0,10788.0
53,35179.0,10510.0
53,15680.0,10320.0
53,15022.0,10463.0
53,64106.0,9967.0
53,70275.0,10657.0
53,26475.0,5995.0
53,47241.0,8959.0
53,19483.0,8497.0
53,12418.0,6732.0
53,15800.0,8011.0
53,15577.0,8507.0
53,70949.0,10415.0
53,76220.0,8260.0
53,40572.0,10758.0
53,18919.0,11195.0
53,22042.0,10261.0
53,22297.0,9133.0
53,66430.0,9322.0
53,67111.0,9790.0
53,67238.0,9019.0
53,8876.0,10572.0
53,16705.0,8183.0
53,29237.0,9173.0
53,16778.0,4287.0
53,10585.0,11157.0
53,27341.0,9153.0
53,11493.0,6376.0
53,18787.0,6467.0
53,41280.0,10324.0
53,8615.0,11622.0
53,43365.0,9771.0
53,59247.0,2077.0
53,47919.0,9123.0
53,5444.0,7740.0
53,11556.0,7200.0
53,20191.0,10211.0
53,51885.0,8693.0
53,63880.0,7712.0
53,68425.0,6132.0
53,13626.0,10196.0
53,41465.0,9597.0
54,64913.0,6951.0
54,22024.0,10608.0
54,30314.0,8730.0
54,68713.0,6148.0
54,35754.0,8886.0
54,33776.0,9185.0
54,24420.0,7253.0
54,25316.0,7138.0
54,34919.0,9778.0
54,24711.0,7789.0
54,16947.0,11034.0
54,16285.0,10842.0
54,6173.0,10361.0
54,7327.0,10941.0
54,12943.0,5092.0
54,13770.0,5072.0
54,6044.0,9792.0
54,12521.0,8626.0
54,12280.0,8964.0
54,13112.0,9042.0
55,65529.0,5787.0
55,68406.0,5227.0
55,66804.0,6307.0
55,65058.0,6338.0
55,19775.0,5914.0
55,16422.0,2720.0
55,20642.0,2816.0
55,29952.0,4037.0
55,62425.0,5531.0
55,63759.0,6493.0
55,38717.0,1967.0
55,38382.0,2384.0
55,14818.0,4372.0
55,68950.0,6768.0
55,63910.0,5878.0
55,42805.0,9006.0
55,71710.0,10706.0
55,39783.0,8750.0
55,14244.0,3453.0
55,7535.0,2402.0
55,60247.0,7429.0
55,65767.0,8648.0
55,61288.0,9872.0
55,24177.0,7248.0
55,34983.0,9664.0
55,14031.0,9748.0
55,61870.0,10003.0
55,34014.0,8971.0
55,55077.0,9742.0
55,18624.0,9915.0
55,29912.0,7642.0
55,36199.0,9399.0
55,8733.0,2121.0
55,17122.0,3746.0
55,35460.0,9189.0
55,24409.0,10839.0
55,58690.0,9418.0
55,32691.0,4245.0
55,28777.0,8866.0
55,26373.0,7157.0
55,8639.0,10173.0
55,13206.0,5538.0
55,52741.0,9049.0
55,7150.0,899.0
55,29369.0,5053.0
55,31291.0,5754.0
55,6804.0,10196.0
55,58113.0,9153.0
55,16013.0,8323.0
55,16712.0,8699.0
55,68310.0,6670.0
55,28650.0,4219.0
55,15538.0,8593.0
55,17529.0,4165.0
55,6782.0,9851.0
56,12308.0,9074.0
56,11125.0,8890.0
56,11685.0,8234.0
56,25078.0,9557.0
56,32116.0,10076.0
56,64095.0,5516.0
56,17762.0,9242.0
56,23452.0,8687.0
56,74674.0,8229.0
56,21397.0,4901.0
56,39645.0,8860.0
56,13704.0,10240.0
56,70725.0,9306.0
56,62587.0,8395.0
56,20462.0,8065.0
56,66422.0,5571.0
56,43037.0,10047.0
56,65170.0,9491.0
56,25751.0,7997.0
56,64725.0,6402.0
56,65228.0,6389.0
56,15379.0,9150.0
56,28743.0,9615.0
56,60156.0,10083.0
56,23121.0,10141.0
56,36466.0,9689.0
56,19282.0,11194.0
56,17126.0,7633.0
56,72576.0,4001.0
56,32152.0,4902.0
56,59825.0,10244.0
56,16640.0,10425.0
56,55825.0,9335.0
56,55516.0,9337.0
56,19868.0,6618.0
56,41716.0,9389.0
56,25727.0,10810.0
56,30681.0,6939.0
56,30169.0,6772.0
56,32350.0,2401.0
56,30229.0,9292.0
56,29312.0,8379.0
56,28863.0,7953.0
56,38412.0,9491.0
56,27921.0,10874.0
56,28241.0,8249.0
56,66855.0,5333.0
56,50437.0,9617.0
56,63896.0,6782.0
56,71838.0,2774.0
56,13806.0,6386.0
56,59930.0,7500.0
56,48200.0,9892.0
56,74094.0,8607.0
56,17214.0,4421.0
56,12413.0,5877.0
56,10889.0,10904.0
56,21012.0,8174.0
56,34286.0,9003.0
56,17732.0,7506.0
56,57725.0,9641.0
56,11165.0,3336.0
56,19494.0,6055.0
56,21487.0,5094.0
56,77572.0,8826.0
56,22743.0,6423.0
56,30182.0,10067.0
56,30838.0,9505.0
57,66665.0,5699.0
57,66698.0,6357.0
57,21075.0,9815.0
57,68868.0,5377.0
57,32657.0,9153.0
57,31800.0,8882.0
57,63830.0,6360.0
57,34257.0,9681.0
57,67986.0,5653.0
57,19071.0,8619.0
57,68355.0,6109.0
57,74721.0,9862.0
57,26548.0,7986.0
57,20526.0,7361.0
57,22208.0,6867.0
57,22979.0,6808.0
57,30782.0,3500.0
57,12880.0,8379.0
57,13497.0,9268.0
57,26340.0,5948.0
57,31502.0,5244.0
57,25533.0,6699.0
57,23117.0,9515.0
57,6200.0,10499.0
57,35498.0,8578.0
57,36195.0,8920.0
57,29350.0,9663.0
57,27586.0,8927.0
57,28123.0,9189.0
57,25698.0,10170.0
57,17391.0,7879.0
57,20621.0,5013.0
57,10586.0,11267.0
57,18189.0,5909.0
57,13618.0,9691.0
57,13171.0,4655.0
57,23283.0,5500.0
57,23244.0,3009.0
57,24052.0,3547.0
57,12444.0,9073.0
57,4330.0,10291.0
57,32178.0,7406.0
57,16951.0,4902.0
57,71689.0,6979.0
57,30750.0,5553.0
57,15724.0,3111.0
57,19611.0,2936.0
57,18974.0,2523.0
57,12680.0,9369.0
57,15618.0,7704.0
57,16470.0,9771.0
57,3910.0,10221.0
57,38891.0,10371.0
57,23017.0,7174.0
57,17275.0,5282.0
57,7034.0,1945.0
57,13976.0,8502.0
58,21109.0,10485.0
58,25118.0,8120.0
58,5980.0,10278.0
58,64967.0,4947.0
58,21968.0,8085.0
58,69830.0,2582.0
58,16539.0,9467.0
58,5823.0,9690.0
58,13398.0,9184.0
58,29039.0,8964.0
58,9882.0,4772.0
59,65697.0,6353.0
59,21162.0,6612.0
59,67906.0,6185.0
59,61391.0,3709.0
59,4905.0,10332.0
59,4865.0,9747.0
59,14307.0,9435.0
59,32859.0,9166.0
59,41307.0,8996.0
59,49463.0,8997.0
59,64524.0,7023.0
59,16064.0,8033.0
59,60560.0,10177.0
59,25385.0,10278.0
59,39143.0,9105.0
59,20087.0,8438.0
59,73082.0,7866.0
59,55667.0,8857.0
59,17729.0,10874.0
59,28198.0,8382.0
59,60413.0,7600.0
59,59697.0,7844.0
59,52147.0,9394.0
59,8182.0,10750.0
59,36874.0,9268.0
59,43574.0,8739.0
59,14256.0,7896.0
59,12493.0,7788.0
59,60452.0,8548.0
59,42496.0,11518.0
59,20161.0,6720.0
59,22887.0,10338.0
59,20833.0,10636.0
59,63334.0,9694.0
59,41777.0,8921.0
59,63332.0,9022.0
59,6612.0,10527.0
59,35460.0,8743.0
59,21989.0,9182.0
59,10767.0,9140.0
59,18658.0,9143.0
59,57422.0,9694.0
59,17058.0,5241.0
59,54192.0,8953.0
59,12737.0,9675.0
59,2099.0,11025.0
59,25097.0,7371.0
59,70276.0,7518.0
59,12178.0,10089.0
59,3621.0,10250.0
59,61749.0,6253.0
59,5650.0,10250.0
59,46653.0,8880.0
59,59183.0,10488.0
59,15110.0,5766.0
59,15814.0,9741.0
59,68913.0,9560.0
59,5635.0,9860.0
59,66123.0,9654.0
59,2159.0,10469.0
59,12865.0,5850.0
60,14563.0,9720.0
60,25781.0,9347.0
60,66591.0,6207.0
60,20016.0,8790.0
60,34971.0,9436.0
60,35634.0,9532.0
60,30562.0,8748.0
60,18144.0,8561.0
60,65118.0,6245.0
60,15886.0,8219.0
60,42519.0,9189.0
60,67537.0,5189.0
60,22900.0,7382.0
60,29665.0,7521.0
60,28890.0,7279.0
60,50817.0,10397.0
60,11848.0,10011.0
60,23037.0,9401.0
60,22780.0,7645.0
60,13601.0,11136.0
61,73397.0,8727.0
61,41668.0,9968.0
61,23904.0,8340.0
61,23294.0,8491.0
61,14837.0,10921.0
61,29128.0,8215.0
61,17950.0,9063.0
61,18762.0,9577.0
61,26722.0,8561.0
61,21297.0,9453.0
61,31150.0,10082.0
61,29906.0,8241.0
61,6035.0,10333.0
61,61532.0,8233.0
61,22424.0,3434.0
61,39029.0,8435.0
61,21858.0,2539.0
61,48711.0,9201.0
61,35693.0,9476.0
61,56849.0,10075.0
61,25369.0,7270.0
61,67870.0,6189.0
61,21807.0,9940.0
61,11851.0,10395.0
61,13191.0,8876.0
61,3411.0,10331.0
61,48467.0,3379.0
61,31738.0,9118.0
61,14491.0,8751.0
61,21031.0,7621.0
61,65305.0,6307.0
61,13312.0,4206.0
61,5905.0,9688.0
61,51968.0,8720.0
61,27829.0,4240.0
61,45088.0,9770.0
61,21593.0,6738.0
61,22269.0,7055.0
61,16675.0,7332.0
61,16741.0,9239.0
61,8200.0,5032.0
62,23102.0,7071.0
62,60852.0,10105.0
62,29762.0,9436.0
62,64761.0,9310.0
62,31376.0,8802.0
62,22046.0,7182.0
62,29552.0,7059.0
62,55668.0,8885.0
62,26200.0,9103.0
62,38863.0,9185.0
62,18504.0,6996.0
62,49549.0,9024.0
62,35814.0,8804.0
62,28537.0,8598.0
62,17665.0,9488.0
62,26543.0,7691.0
62,43235.0,8758.0
62,31327.0,10830.0
62,40096.0,8978.0
62,19078.0,9587.0
62,71421.0,9974.0
62,74983.0,10683.0
62,59219.0,8310.0
62,14263.0,10187.0
62,14907.0,9907.0
62,31070.0,6728.0
62,45032.0,9771.0
62,32243.0,9348.0
62,32511.0,9320.0
62,2325.0,10608.0
62,5567.0,10361.0
62,12400.0,10553.0
62,3937.0,10304.0
62,25090.0,8146.0
62,36774.0,8985.0
62,47801.0,8926.0
62,64206.0,10585.0
62,23537.0,8633.0
62,22467.0,9081.0
62,22954.0,8704.0
62,8251.0,10208.0
62,75707.0,7848.0
62,28802.0,10224.0
62,30129.0,10234.0
62,61527.0,7487.0
62,69992.0,9526.0
62,15048.0,8745.0
62,62450.0,10213.0
62,66342.0,9781.0
62,5498.0,9864.0
62,46825.0,9131.0
62,6687.0,10306.0
62,57348.0,8955.0
62,24229.0,7355.0
62,70455.0,8920.0
62,20403.0,9213.0
62,11658.0,7747.0
62,69963.0,4503.0
62,40961.0,11045.0
62,28054.0,7192.0
62,14381.0,7260.0
62,27862.0,9987.0
62,59930.0,7698.0
62,62109.0,5551.0
62,57584.0,9481.0
62,68021.0,10574.0
62,43596.0,10871.0
62,37572.0,9307.0
62,45734.0,9168.0
62,62562.0,5558.0
62,72330.0,8337.0
62,10723.0,10838.0
62,58719.0,7071.0
62,16607.0,8869.0
62,45092.0,9145.0
62,13121.0,9052.0
62,36345.0,9859.0
62,9536.0,8346.0
62,30441.0,7841.0
62,15548.0,8316.0
62,3932.0,9831.0
62,16133.0,5891.0
62,19775.0,7034.0
62,49865.0,10546.0
62,64126.0,8724.0
62,19631.0,7683.0
62,20347.0,7380.0
62,10484.0,8369.0
62,34813.0,10197.0
62,21799.0,6269.0
62,12893.0,8067.0
62,41172.0,8670.0
62,54313.0,9719.0
62,17744.0,7210.0
62,32187.0,7774.0
62,40324.0,11299.0
62,65463.0,7166.0
62,17305.0,5778.0
62,64157.0,7294.0
62,10044.0,7996.0
62,33843.0,8747.0
62,21580.0,9378.0
62,42070.0,8531.0
62,59471.0,10285.0
62,61660.0,8675.0
62,63500.0,6111.0
62,68659.0,10516.0
62,64725.0,8590.0
62,53355.0,8932.0
62,52825.0,8992.0
62,25019.0,9897.0
62,21183.0,11625.0
62,2984.0,10253.0
62,39008.0,11060.0
62,66329.0,5239.0
62,20500.0,5222.0
62,20302.0,5680.0
62,61144.0,8635.0
62,67520.0,8804.0
62,16183.0,10570.0
62,33550.0,10093.0
62,18534.0,5401.0
62,74587.0,7930.0
62,19078.0,5096.0
62,12004.0,7481.0
62,15963.0,6514.0
62,56307.0,8823.0
62,24638.0,7178.0
62,11274.0,10650.0
62,68324.0,8708.0
63,17174.0,2664.0
63,64335.0,6544.0
63,32395.0,7621.0
63,65847.0,5406.0
63,65267.0,5406.0
63,48035.0,8393.0
63,40783.0,9329.0
63,40647.0,8623.0
63,41245.0,8855.0
63,40033.0,8670.0
64,15331.0,7328.0
64,30254.0,3788.0
64,68127.0,5144.0
64,64557.0,6498.0
64,64361.0,5778.0
64,69093.0,5361.0
64,30816.0,9948.0
64,43713.0,9926.0
64,65887.0,6561.0
64,33935.0,8638.0
64,38094.0,10034.0
64,66650.0,6830.0
64,48007.0,9207.0
64,55672.0,8997.0
64,30619.0,4210.0
64,41352.0,9366.0
64,36695.0,8872.0
64,53270.0,9214.0
64,69580.0,6569.0
64,58286.0,7912.0
64,59003.0,8279.0
64,58690.0,7405.0
64,54865.0,9144.0
64,1538.0,10127.0
64,24610.0,7256.0
64,23831.0,5692.0
64,8530.0,10280.0
64,66304.0,5453.0
64,20283.0,9641.0
64,7989.0,10360.0
64,40560.0,3647.0
64,68495.0,6174.0
64,23131.0,10634.0
64,22446.0,10676.0
64,23938.0,7086.0
64,46350.0,9220.0
64,29583.0,8352.0
64,24715.0,9408.0
64,25585.0,9174.0
64,19167.0,8201.0
64,41842.0,9256.0
64,21412.0,5616.0
64,21515.0,5020.0
64,29266.0,9161.0
64,67708.0,6233.0
64,15147.0,7862.0
64,14751.0,7517.0
65,16942.0,8286.0
65,64155.0,6272.0
65,14814.0,10140.0
65,23231.0,10230.0
65,22083.0,10552.0
65,66831.0,7573.0
65,49696.0,8629.0
65,24363.0,5438.0
65,26053.0,8057.0
65,23669.0,7930.0
65,22015.0,6293.0
65,65394.0,6408.0
65,23057.0,8214.0
65,17025.0,10368.0
65,19457.0,9798.0
65,25504.0,7885.0
65,19813.0,10472.0
65,54479.0,2839.0
65,24185.0,8075.0
65,13048.0,9588.0
65,12676.0,11042.0
65,13786.0,10638.0
65,15002.0,11161.0
65,26036.0,9833.0
65,8454.0,10364.0
65,22417.0,10097.0
65,54894.0,2341.0
65,68553.0,5320.0
65,43994.0,8431.0
65,49554.0,9623.0
65,17984.0,6286.0
65,28141.0,10705.0
65,17326.0,6261.0
65,29762.0,9436.0
65,30870.0,9836.0
65,12554.0,9154.0
65,12010.0,9542.0
65,18539.0,6407.0
65,21048.0,8878.0
65,67734.0,5721.0
65,18184.0,7300.0
65,33533.0,9976.0
65,66339.0,6272.0
65,76457.0,9834.0
65,10586.0,11295.0
65,17680.0,6878.0
65,13953.0,5551.0
65,13802.0,5975.0
65,13275.0,5893.0
65,13445.0,5276.0
65,34079.0,10018.0
65,49344.0,8885.0
65,6007.0,10665.0
65,5181.0,10360.0
65,13132.0,10051.0
65,17217.0,6898.0
65,25411.0,10950.0
65,25038.0,10942.0
65,61787.0,9958.0
65,7293.0,10003.0
65,6475.0,10334.0
65,48936.0,9800.0
65,62286.0,10243.0
65,13647.0,9991.0
65,26719.0,10049.0
65,13853.0,4996.0
65,67325.0,5405.0
65,50550.0,9186.0
65,51469.0,8696.0
65,68663.0,6209.0
65,20132.0,10072.0
65,66114.0,5374.0
65,20328.0,8488.0
65,6808.0,9768.0
65,20391.0,8999.0
65,26806.0,7060.0
65,15481.0,9427.0
65,11083.0,11066.0
65,29922.0,8966.0
65,27190.0,6255.0
65,33921.0,10674.0
65,14521.0,10646.0
66,24929.0,2692.0
66,21908.0,6314.0
66,28404.0,8081.0
66,65288.0,5320.0
66,47617.0,8397.0
66,36589.0,9433.0
66,42919.0,8967.0
66,23851.0,10331.0
66,26287.0,5794.0
66,35517.0,10077.0
66,40706.0,8735.0
66,15349.0,6796.0
66,18484.0,9805.0
66,68276.0,5530.0
66,68407.0,6623.0
66,34226.0,9058.0
66,55580.0,9565.0
66,35670.0,9390.0
66,18525.0,8405.0
66,25337.0,3419.0
66,10775.0,10409.0
66,16225.0,9931.0
66,32341.0,9233.0
66,66673.0,6458.0
66,21932.0,9715.0
66,12729.0,10877.0
66,27766.0,7398.0
66,50076.0,9775.0
66,27312.0,7950.0
66,19456.0,5695.0
66,64879.0,6827.0
66,7113.0,10058.0
66,15734.0,10237.0
66,20365.0,8612.0
66,12749.0,7001.0
66,20296.0,8062.0
66,19573.0,7770.0
66,29840.0,8967.0
67,21430.0,2957.0
67,20501.0,4175.0
67,2300.0,10275.0
67,13718.0,7434.0
67,20335.0,1931.0
67,28652.0,9054.0
67,21336.0,3685.0
67,43348.0,9192.0
67,19915.0,2990.0
67,8522.0,10207.0
67,22088.0,8907.0
67,22608.0,8423.0
67,19528.0,10829.0
67,18850.0,8585.0
67,18785.0,9053.0
67,15587.0,7681.0
68,67217.0,6223.0
68,69041.0,5194.0
68,31129.0,10554.0
68,24264.0,10953.0
68,24927.0,10587.0
68,17743.0,10475.0
68,18576.0,9657.0
68,38251.0,8728.0
68,17320.0,9427.0
68,22753.0,10162.0
68,68887.0,6513.0
68,17390.0,7301.0
68,16824.0,7032.0
68,16119.0,10649.0
68,23112.0,6837.0
68,21738.0,9205.0
68,28548.0,9287.0
68,35864.0,10969.0
68,14625.0,10864.0
68,23913.0,7988.0
68,21224.0,11000.0
68,43085.0,10080.0
68,60847.0,9195.0
68,60359.0,8404.0
68,64443.0,5250.0
68,11750.0,11798.0
68,65219.0,6219.0
68,36505.0,8786.0
68,61847.0,8783.0
68,57624.0,10050.0
68,15840.0,8689.0
68,8426.0,10649.0
68,55184.0,10587.0
68,29444.0,5331.0
68,66396.0,6316.0
68,20861.0,11499.0
68,15055.0,7605.0
68,14929.0,8552.0
68,30759.0,9060.0
68,65863.0,6198.0
68,15709.0,7869.0
68,10609.0,10494.0
68,28596.0,8200.0
68,25385.0,10365.0
68,42018.0,8476.0
68,18576.0,5889.0
68,54157.0,10982.0
68,27178.0,9576.0
68,36269.0,10917.0
68,43603.0,9839.0
68,26235.0,6945.0
68,34566.0,8592.0
68,29887.0,5536.0
68,54465.0,10445.0
68,39141.0,8602.0
68,14723.0,7894.0
68,31512.0,8995.0
68,12406.0,11539.0
68,10471.0,10900.0
68,29614.0,5702.0
68,53951.0,10361.0
69,64541.0,6462.0
69,17436.0,10117.0
69,23184.0,7046.0
69,25750.0,7542.0
69,8782.0,10214.0
69,14855.0,8429.0
69,34415.0,9798.0
69,14051.0,10495.0
69,38507.0,1260.0
69,68311.0,6193.0
69,41985.0,9180.0
69,47886.0,8954.0
69,13837.0,8100.0
69,21221.0,8712.0
69,55249.0,8832.0
69,19634.0,6407.0
69,15023.0,7783.0
69,37531.0,1468.0
69,14201.0,7849.0
70,65966.0,6315.0
70,67443.0,6577.0
70,68967.0,6244.0
70,64028.0,6402.0
70,24140.0,10078.0
70,48702.0,9003.0
70,17408.0,10034.0
70,36746.0,8985.0
70,22032.0,10989.0
70,20202.0,9463.0
70,77384.0,9132.0
70,66879.0,5621.0
70,33101.0,9455.0
70,42549.0,9743.0
70,18211.0,8378.0
70,28028.0,10095.0
70,26291.0,9839.0
70,15623.0,9688.0
70,68658.0,5150.0
70,25002.0,8746.0
70,12972.0,9766.0
70,25557.0,8951.0
70,64792.0,5704.0
70,25221.0,9279.0
71,17147.0,6551.0
71,16591.0,6710.0
71,68626.0,6199.0
71,58792.0,8510.0
71,17416.0,7399.0
71,29341.0,6419.0
71,32556.0,8465.0
71,50029.0,9020.0
71,66093.0,5234.0
71,23187.0,5213.0
71,22426.0,5211.0
71,15926.0,10429.0
71,73593.0,9115.0
71,29499.0,7859.0
71,65739.0,6686.0
71,60140.0,2678.0
71,59358.0,7375.0
71,61466.0,6935.0
71,27624.0,7066.0
71,60748.0,1445.0
71,19048.0,10441.0
71,31354.0,4555.0
71,25695.0,6779.0
71,46320.0,9079.0
71,13519.0,9224.0
71,34087.0,9394.0
71,43952.0,9099.0
71,48258.0,9148.0
71,31494.0,7832.0
71,30872.0,8101.0
71,74086.0,5565.0
71,60811.0,2241.0
71,30999.0,11141.0
71,21661.0,8479.0
71,75201.0,7738.0
71,64759.0,9238.0
71,57149.0,8900.0
71,19080.0,7917.0
71,19290.0,7320.0
71,61102.0,5299.0
71,14556.0,6608.0
71,61592.0,8867.0
71,67951.0,9455.0
71,62419.0,9049.0
71,54567.0,9688.0
71,68634.0,10366.0
71,61492.0,8526.0
71,61758.0,9840.0
71,21588.0,6318.0
71,21662.0,9318.0
71,70984.0,8867.0
71,71289.0,7117.0
71,59810.0,9351.0
71,49398.0,9366.0
71,1905.0,10468.0
71,4684.0,10443.0
71,27954.0,3066.0
71,28539.0,3621.0
71,28295.0,2734.0
71,6266.0,10395.0
71,36055.0,3249.0
71,24217.0,7860.0
71,61681.0,9298.0
72,63948.0,5696.0
72,65583.0,6275.0
72,21118.0,8904.0
72,29782.0,8502.0
72,37930.0,9655.0
72,57487.0,8954.0
72,22109.0,6714.0
72,21075.0,6346.0
72,64894.0,6256.0
72,68062.0,6944.0
72,18873.0,9886.0
72,16034.0,10097.0
72,66071.0,5609.0
72,24339.0,10025.0
72,12848.0,3623.0
72,12426.0,3141.0
72,13995.0,11015.0
72,6489.0,10004.0
72,61223.0,8788.0
72,34371.0,8644.0
72,32282.0,8460.0
72,3520.0,10246.0
72,58473.0,6712.0
72,67622.0,4864.0
72,68248.0,5504.0
72,32446.0,3810.0
72,66861.0,6951.0
72,21884.0,11074.0
72,25202.0,7906.0
72,77427.0,8387.0
72,34697.0,10657.0
72,35401.0,11051.0
72,68774.0,4979.0
72,73339.0,6573.0
72,18721.0,7060.0
72,24624.0,8110.0
72,8803.0,10964.0
73,64199.0,5925.0
73,68416.0,6736.0
73,66974.0,10701.0
73,68830.0,5586.0
73,62622.0,9425.0
73,18725.0,8227.0
73,15461.0,10349.0
73,27588.0,6953.0
73,22436.0,10299.0
73,61866.0,8964.0
73,26113.0,8769.0
73,66505.0,5699.0
73,75661.0,5789.0
73,14432.0,11025.0
73,24145.0,9878.0
73,17346.0,7355.0
73,63572.0,5968.0
73,57467.0,9473.0
73,35635.0,8580.0
73,69738.0,9313.0
73,27423.0,10589.0
73,53913.0,9040.0
73,10413.0,10303.0
73,48517.0,9977.0
73,49281.0,9856.0
73,29919.0,8867.0
73,19849.0,8895.0
73,19289.0,9744.0
73,14662.0,8788.0
73,21166.0,9486.0
73,17789.0,9561.0
73,20083.0,10463.0
73,18415.0,9372.0
73,18351.0,10278.0
73,21007.0,10275.0
73,21443.0,5930.0
73,67386.0,6304.0
73,32951.0,8843.0
73,38270.0,9546.0
73,33935.0,8638.0
73,20451.0,9009.0
73,29247.0,8855.0
73,13686.0,10998.0
73,31207.0,7935.0
73,8379.0,10197.0
73,66084.0,6299.0
73,6261.0,10315.0
73,59351.0,8213.0
73,15389.0,9911.0
73,31979.0,7740.0
73,11604.0,10591.0
73,43059.0,8933.0
73,41257.0,8462.0
73,19165.0,6833.0
73,18622.0,6215.0
73,19513.0,6186.0
73,66830.0,6307.0
73,49924.0,10417.0
73,4268.0,10581.0
73,32179.0,9039.0
73,12752.0,10220.0
73,12759.0,11259.0
73,22814.0,8128.0
73,40367.0,9637.0
73,75349.0,10088.0
73,40829.0,9574.0
73,64806.0,8637.0
73,2450.0,10737.0
73,56826.0,9128.0
74,65614.0,6273.0
74,35281.0,10248.0
74,28522.0,8606.0
74,27858.0,8801.0
74,27150.0,10289.0
74,19068.0,5105.0
74,18189.0,5770.0
74,20537.0,8047.0
74,19504.0,5888.0
74,31283.0,9720.0
74,30728.0,8788.0
74,38921.0,10787.0
74,22274.0,6646.0
74,75022.0,2993.0
74,26061.0,9353.0
74,36570.0,8566.0
74,52310.0,9678.0
74,26590.0,7135.0
74,7573.0,10393.0
74,48342.0,10855.0
74,39467.0,10529.0
74,47769.0,8814.0
74,13237.0,9449.0
74,3026.0,10252.0
74,43401.0,8991.0
74,32759.0,10379.0
74,32820.0,9844.0
74,57670.0,10423.0
74,32049.0,3366.0
74,61333.0,8324.0
74,66839.0,5583.0
74,17523.0,10067.0
74,28795.0,9091.0
74,14323.0,5036.0
74,14533.0,5616.0
74,14229.0,5303.0
74,23912.0,8042.0
74,13885.0,9226.0
74,21046.0,4840.0
74,18673.0,8011.0
74,18477.0,7612.0
74,17567.0,8166.0
74,17637.0,7646.0
74,64625.0,5766.0
74,22434.0,10940.0
74,23314.0,7923.0
74,59018.0,9697.0
74,69054.0,9567.0
74,3770.0,10498.0
74,69042.0,10120.0
74,51783.0,9391.0
74,34942.0,9069.0
74,20788.0,10628.0
74,68559.0,6656.0
74,7024.0,10252.0
74,15376.0,9032.0
74,25060.0,8527.0
74,24005.0,9818.0
75,64246.0,6424.0
75,37128.0,9187.0
75,66814.0,9055.0
75,20415.0,9253.0
75,19888.0,8852.0
75,68852.0,8591.0
75,24683.0,7842.0
75,24002.0,7722.0
75,22231.0,8799.0
75,64845.0,5296.0
75,21744.0,10396.0
75,26037.0,9976.0
75,19553.0,10634.0
75,61954.0,8370.0
75,35027.0,9043.0
75,58640.0,7200.0
75,23107.0,11281.0
75,14816.0,8592.0
75,25968.0,7520.0
75,29823.0,10099.0
75,17717.0,7831.0
75,46571.0,9021.0
75,73900.0,8681.0
75,53551.0,10867.0
75,67489.0,6776.0
75,48759.0,9003.0
75,70564.0,9104.0
75,28528.0,10672.0
75,35960.0,10230.0
75,70077.0,6325.0
75,13908.0,5325.0
75,31929.0,10139.0
75,21510.0,6396.0
75,33910.0,8610.0
75,46585.0,9990.0
75,22627.0,6880.0
75,23041.0,7917.0
75,33068.0,10037.0
75,42842.0,10326.0
75,24556.0,10608.0
75,40214.0,10394.0
75,68135.0,5618.0
75,18389.0,8099.0
75,62263.0,3929.0
75,43637.0,8406.0
75,14682.0,10231.0
75,6860.0,10610.0
75,49526.0,10022.0
75,20460.0,6663.0
75,56422.0,8878.0
75,16783.0,11201.0
75,68413.0,6439.0
75,70800.0,9925.0
75,66054.0,6285.0
75,4025.0,10326.0
75,24005.0,9818.0
75,15814.0,9741.0
75,38412.0,9405.0
75,51871.0,10290.0
75,13025.0,10271.0
75,18416.0,11085.0
75,44352.0,10061.0
75,57474.0,10565.0
75,38949.0,2454.0
75,40897.0,10259.0
75,28453.0,8185.0
75,27520.0,6458.0
75,17574.0,6444.0
75,14495.0,11375.0
75,12513.0,11181.0
75,11221.0,10954.0
75,34643.0,11016.0
75,10503.0,11269.0
75,30079.0,7858.0
75,27064.0,10963.0
75,50084.0,8992.0
75,7432.0,10525.0
75,64325.0,5362.0
75,17974.0,8254.0
75,41597.0,9287.0
75,25107.0,9501.0
75,20359.0,8654.0
75,64976.0,10065.0
75,13317.0,9747.0
75,71431.0,9272.0
75,30377.0,10203.0
75,68776.0,8344.0
76,31718.0,3532.0
76,26388.0,8472.0
76,66250.0,6534.0
76,72188.0,2930.0
76,68810.0,5394.0
76,22245.0,9076.0
76,23721.0,8968.0
76,22099.0,8195.0
76,68142.0,5397.0
76,72093.0,2407.0
76,64226.0,6374.0
76,68894.0,6339.0
76,22752.0,4256.0
76,74208.0,7804.0
76,18879.0,10275.0
76,13853.0,9443.0
76,65432.0,5830.0
76,49352.0,9026.0
76,16904.0,6560.0
76,6891.0,10510.0
76,16397.0,7043.0
76,11745.0,5616.0
77,70916.0,9534.0
77,68350.0,10263.0
77,61329.0,9308.0
77,62193.0,8247.0
77,60188.0,7940.0
77,24672.0,10494.0
77,23517.0,11024.0
77,47279.0,10539.0
77,35852.0,9111.0
77,22123.0,11436.0
77,15937.0,8310.0
77,40976.0,10676.0
77,39447.0,11343.0
77,39150.0,10494.0
77,31558.0,9633.0
77,39557.0,8552.0
77,11458.0,11551.0
77,11967.0,11410.0
77,26636.0,6641.0
77,58613.0,8488.0
77,41608.0,8826.0
77,45539.0,10637.0
77,17110.0,11071.0
77,48049.0,10446.0
77,55594.0,9167.0
77,21184.0,9908.0
77,44101.0,9484.0
77,19147.0,11503.0
77,19788.0,9546.0
77,67214.0,5345.0
77,32441.0,8586.0
77,53634.0,9042.0
77,12571.0,11701.0
77,13247.0,11006.0
77,22880.0,9821.0
77,28186.0,8959.0
77,12345.0,10636.0
77,18395.0,9141.0
77,68560.0,6413.0
77,11383.0,10484.0
77,63472.0,9037.0
77,8177.0,7498.0
77,11515.0,9520.0
77,64469.0,11210.0
77,9704.0,8317.0
77,64851.0,10177.0
77,12950.0,9207.0
77,14563.0,9094.0
77,2017.0,10830.0
77,38224.0,8700.0
77,6322.0,10217.0
77,37465.0,10198.0
77,23706.0,8527.0
77,29253.0,11359.0
77,7617.0,10450.0
77,65768.0,5261.0
77,42790.0,8992.0
77,19393.0,4943.0
77,20489.0,11210.0
77,25812.0,10666.0
77,64088.0,6448.0
77,59301.0,4897.0
77,2686.0,10267.0
77,45768.0,10871.0
77,48922.0,8889.0
77,20988.0,8499.0
77,29293.0,7527.0
77,5153.0,10471.0
77,19083.0,8221.0
77,75655.0,3144.0
77,50533.0,10815.0
77,3472.0,10272.0
77,58586.0,7315.0
77,30441.0,10870.0
77,29899.0,9062.0
77,66974.0,9696.0
77,35247.0,10335.0
77,32087.0,11030.0
77,56411.0,10459.0
77,10944.0,10931.0
77,68958.0,5587.0
77,17024.0,10285.0
77,24553.0,7440.0
77,66804.0,6307.0
77,25585.0,9399.0
77,11808.0,7162.0
77,16730.0,9196.0
77,30997.0,7735.0
77,54543.0,9948.0
77,17958.0,5898.0
77,15405.0,9607.0
77,6695.0,11162.0
77,4349.0,10841.0
77,59559.0,3941.0
77,11850.0,10313.0
77,17396.0,7861.0
77,57150.0,10365.0
77,12944.0,5552.0
77,13814.0,5397.0
77,21379.0,9047.0
77,11307.0,6903.0
77,50244.0,8849.0
77,27813.0,11797.0
77,13082.0,7306.0
77,14640.0,10592.0
77,52572.0,11025.0
77,54752.0,10502.0
77,64260.0,5821.0
77,57320.0,8955.0
77,22687.0,11034.0
77,69937.0,9180.0
77,18229.0,11757.0
77,71202.0,8767.0
77,18246.0,10834.0
77,15497.0,4276.0
77,72329.0,9927.0
77,21160.0,11478.0
77,45109.0,11141.0
77,33504.0,11430.0
77,68537.0,8857.0
77,16672.0,11202.0
77,28200.0,4584.0
77,8740.0,10142.0
77,19924.0,8300.0
77,31704.0,7094.0
77,26663.0,5938.0
77,16061.0,3750.0
77,34132.0,11199.0
77,65912.0,6279.0
77,46540.0,8825.0
77,11992.0,4784.0
77,52924.0,10311.0
77,12686.0,4432.0
77,21756.0,8833.0
77,17796.0,9871.0
77,53244.0,8821.0
77,65268.0,6311.0
77,72473.0,9501.0
77,73326.0,9266.0
77,41389.0,10458.0
77,33553.0,8633.0
77,75190.0,9910.0
77,75114.0,9531.0
77,68093.0,6649.0
78,67465.0,6273.0
78,66667.0,6686.0
78,64822.0,6722.0
78,66068.0,6684.0
78,69012.0,6118.0
78,65302.0,6738.0
78,24431.0,9656.0
78,8088.0,10756.0
78,41763.0,8992.0
78,63974.0,6122.0
78,68256.0,6306.0
78,23260.0,7178.0
78,65471.0,5687.0
78,52151.0,9195.0
78,15396.0,8923.0
78,23508.0,5702.0
78,33818.0,8719.0
78,20566.0,10080.0
78,22600.0,9195.0
78,61304.0,8406.0
78,75451.0,7299.0
78,2602.0,10858.0
78,57264.0,8955.0
78,29323.0,9774.0
78,58201.0,8688.0
78,32949.0,8246.0
78,21701.0,7383.0
78,4605.0,10389.0
79,68316.0,6488.0
79,67549.0,5696.0
79,64596.0,6359.0
79,68604.0,5542.0
79,66000.0,6530.0
79,63947.0,5731.0
79,58674.0,3409.0
79,39793.0,9342.0
79,61464.0,3178.0
79,73700.0,3206.0
79,55795.0,3575.0
79,65275.0,2585.0
79,22577.0,6801.0
79,60993.0,8952.0
79,47414.0,9155.0
79,13898.0,11159.0
79,68049.0,10605.0
79,32609.0,8759.0
79,25104.0,9842.0
79,73499.0,8524.0
79,29681.0,9631.0
79,30292.0,9955.0
79,19960.0,9379.0
79,18906.0,9388.0
79,18718.0,10380.0
79,26556.0,8585.0
79,49558.0,10487.0
79,57026.0,8706.0
79,52086.0,9622.0
79,60529.0,5760.0
79,36463.0,9120.0
79,43093.0,9106.0
79,3519.0,10719.0
79,25113.0,8776.0
79,22585.0,8341.0
79,7369.0,2612.0
79,64171.0,9514.0
79,6634.0,2501.0
79,16506.0,10479.0
79,11742.0,10534.0
79,57017.0,2639.0
79,62826.0,7854.0
79,71906.0,5021.0
79,71346.0,9526.0
79,6283.0,10334.0
79,13086.0,7981.0
79,64601.0,5875.0
79,18637.0,6600.0
79,1436.0,10330.0
79,30782.0,8458.0
79,38662.0,10455.0
79,17354.0,8537.0
79,21592.0,9436.0
79,27337.0,10176.0
79,22811.0,10802.0
79,34433.0,9230.0
79,12852.0,9336.0
79,13507.0,6232.0
79,10435.0,9364.0
79,16701.0,2970.0
79,23953.0,8587.0
79,66989.0,6306.0
79,13842.0,5885.0
80,68966.0,6248.0
80,66398.0,5725.0
80,64424.0,5647.0
80,52205.0,3113.0
80,66073.0,6931.0
80,24196.0,10137.0
80,68189.0,5592.0
80,74551.0,4008.0
80,74911.0,2134.0
80,17269.0,8329.0
80,58319.0,3316.0
80,48248.0,3353.0
80,7496.0,10201.0
80,19621.0,7780.0
80,18661.0,10666.0
80,61453.0,7036.0
80,4435.0,10304.0
80,15329.0,7966.0
80,43045.0,11479.0
80,58798.0,8271.0
80,56516.0,3634.0
80,1741.0,10497.0
80,34292.0,8812.0
80,37220.0,8908.0
80,5897.0,10444.0
80,63552.0,6293.0
80,65349.0,5753.0
80,23661.0,7291.0
80,24425.0,5698.0
80,4372.0,9845.0
80,36353.0,10949.0
80,35530.0,11295.0
80,41421.0,9249.0
80,64384.0,6991.0
80,41993.0,9120.0
80,75308.0,8178.0
80,21290.0,3783.0
80,25721.0,6754.0
80,26002.0,8766.0
80,65056.0,6238.0
80,21048.0,7259.0
80,47213.0,8931.0
80,57307.0,9209.0
80,16975.0,11117.0
80,14981.0,10867.0
80,29686.0,4184.0
80,11358.0,10869.0
80,39252.0,8659.0
80,22810.0,5278.0
80,18894.0,2909.0
80,29380.0,9939.0
80,30990.0,7228.0
80,26395.0,6714.0
80,12384.0,6452.0
80,12950.0,6438.0
80,67641.0,10050.0
80,22440.0,6850.0
80,61160.0,10315.0
80,33122.0,3530.0
80,41904.0,1352.0
80,67730.0,6236.0
80,61791.0,4016.0
80,26398.0,4813.0
80,19902.0,9684.0
80,27121.0,5064.0
80,60418.0,10246.0
80,22452.0,10560.0
80,30505.0,7098.0
80,64185.0,9453.0
80,6619.0,1760.0
80,28546.0,8248.0
80,48993.0,8607.0
80,31073.0,2724.0
80,31571.0,2937.0
80,55529.0,8886.0
80,6802.0,2663.0
80,10911.0,10021.0
80,7613.0,2236.0
80,7411.0,1691.0
80,16634.0,9515.0
80,13269.0,8843.0
80,28571.0,5448.0
80,13243.0,10432.0
80,54175.0,9980.0
80,68205.0,6176.0
80,50497.0,9244.0
80,15948.0,3138.0
80,75234.0,3558.0
80,3493.0,10525.0
80,5828.0,9935.0
80,52495.0,8716.0
81,26266.0,7313.0
81,6612.0,10334.0
81,5925.0,10223.0
81,65010.0,6442.0
81,65908.0,5443.0
81,65141.0,5492.0
81,64105.0,6424.0
81,56138.0,2754.0
81,61645.0,9594.0
81,22661.0,10333.0
81,71857.0,8774.0
81,67047.0,5642.0
81,35270.0,2848.0
81,58157.0,7490.0
81,66035.0,6279.0
81,5428.0,10886.0
81,26436.0,10158.0
81,55910.0,8631.0
81,11586.0,8216.0
81,3652.0,10441.0
81,18316.0,7924.0
81,17658.0,8337.0
81,15465.0,10662.0
81,22451.0,7719.0
81,57912.0,9160.0
81,69460.0,9043.0
81,42738.0,9909.0
81,40945.0,3691.0
81,75351.0,8170.0
81,38663.0,10044.0
81,59556.0,7521.0
81,29865.0,11491.0
81,18467.0,10722.0
81,40406.0,9011.0
81,14630.0,4146.0
81,20546.0,9829.0
81,21298.0,9419.0
81,12477.0,8398.0
81,17693.0,5864.0
81,23315.0,9435.0
81,25890.0,8599.0
81,25223.0,8861.0
81,27590.0,5703.0
81,51935.0,11258.0
81,13513.0,10265.0
81,12240.0,11240.0
81,33508.0,9576.0
81,54224.0,9348.0
81,27983.0,8745.0
81,72973.0,5265.0
81,10946.0,11289.0
81,18839.0,9373.0
81,67069.0,6381.0
81,15304.0,7670.0
81,50327.0,9245.0
81,32143.0,10186.0
81,40881.0,11279.0
81,60302.0,10498.0
81,14104.0,7111.0
81,21018.0,7243.0
81,48251.0,8979.0
81,15931.0,6016.0
81,40925.0,8928.0
81,28970.0,7462.0
81,61505.0,6782.0
81,13875.0,8849.0
81,17223.0,11005.0
81,45171.0,10057.0
81,23735.0,5327.0
81,7779.0,10283.0
81,24524.0,7519.0
81,19859.0,8541.0
81,14297.0,6027.0
81,13610.0,5834.0
81,5770.0,9801.0
81,15449.0,9380.0
81,21172.0,10811.0
81,41297.0,11102.0
81,10991.0,9635.0
81,49562.0,9251.0
81,18176.0,5924.0
82,65007.0,6665.0
82,30206.0,7584.0
82,65268.0,5446.0
82,22006.0,10405.0
82,35829.0,9535.0
82,35049.0,9127.0
82,30877.0,10335.0
82,67942.0,6248.0
82,42351.0,10453.0
82,41567.0,10270.0
82,59489.0,-281.0
82,21294.0,10598.0
82,66331.0,6633.0
82,38946.0,8351.0
82,26033.0,9352.0
82,29637.0,7480.0
82,41857.0,10080.0
83,22317.0,7161.0
83,33003.0,8704.0
83,30257.0,8667.0
83,36563.0,9376.0
83,49810.0,9136.0
83,64888.0,6295.0
83,42577.0,9487.0
83,66340.0,6272.0
83,67475.0,5065.0
83,26920.0,7469.0
83,65679.0,5272.0
83,27723.0,9684.0
83,63854.0,6377.0
83,55662.0,8689.0
83,44782.0,9459.0
83,68948.0,5320.0
83,31866.0,9879.0
83,60385.0,8661.0
83,68283.0,10527.0
83,34907.0,8790.0
83,24992.0,7001.0
83,63792.0,10373.0
83,46324.0,9476.0
83,62267.0,8287.0
83,76405.0,8216.0
83,19382.0,10383.0
83,21897.0,9828.0
83,15689.0,9298.0
83,63762.0,5534.0
83,17727.0,8587.0
83,69097.0,6593.0
83,4488.0,10858.0
83,52906.0,9217.0
83,8148.0,10376.0
83,31099.0,7148.0
83,24969.0,9301.0
83,13301.0,10977.0
83,39922.0,8696.0
83,68004.0,6506.0
83,65026.0,5449.0
83,72202.0,1758.0
83,28845.0,8496.0
83,6530.0,10334.0
83,20523.0,7915.0
83,23647.0,5171.0
83,73184.0,8798.0
83,19321.0,7508.0
83,67365.0,6140.0
83,10803.0,10491.0
83,38640.0,8845.0
83,6455.0,9861.0
83,13648.0,10154.0
83,74344.0,8230.0
83,16831.0,10286.0
83,13297.0,8797.0
83,23404.0,8494.0
83,18073.0,6848.0
83,19569.0,9713.0
83,11989.0,10531.0
83,16427.0,8114.0
83,21232.0,6821.0
83,11201.0,5589.0
83,30304.0,6357.0
83,28338.0,5947.0
83,5481.0,10138.0
84,64515.0,6406.0
84,67811.0,6225.0
84,59736.0,7659.0
84,60448.0,8158.0
84,59463.0,8700.0
84,66780.0,5680.0
84,20666.0,8263.0
84,23863.0,6876.0
84,24721.0,7048.0
84,24207.0,3987.0
84,22126.0,9213.0
84,12604.0,1273.0
85,26369.0,6844.0
85,13215.0,2594.0
85,12259.0,2787.0
85,13318.0,1944.0
85,12473.0,1974.0
85,17441.0,5226.0
85,27148.0,7026.0
85,29170.0,4446.0
85,18021.0,4563.0
85,68068.0,6485.0
85,22845.0,5409.0
85,23607.0,5489.0
85,16241.0,7471.0
85,16396.0,6897.0
85,17262.0,7404.0
85,74325.0,8037.0
85,62799.0,5910.0
85,31419.0,4994.0
85,3881.0,10525.0
85,54330.0,8868.0
85,39958.0,9117.0
85,7655.0,10581.0
85,66653.0,8468.0
85,61755.0,8147.0
85,64744.0,6388.0
85,48671.0,8919.0
85,22087.0,9436.0
85,3852.0,9943.0
85,15402.0,5944.0
85,70191.0,9421.0
85,35960.0,9169.0
85,19401.0,9192.0
85,43674.0,9026.0
85,58960.0,5375.0
85,56463.0,9159.0
85,11460.0,9575.0
85,14672.0,11380.0
85,13514.0,9480.0
85,1702.0,10164.0
85,6173.0,10361.0
85,16692.0,9955.0
85,8580.0,10548.0
85,12143.0,8938.0
85,13083.0,2794.0
85,23005.0,9513.0
86,64710.0,6428.0
86,68790.0,6776.0
86,42827.0,8441.5
86,25081.0,9304.0
86,25271.0,10392.0
86,65241.0,5592.0
86,60256.0,8072.0
86,34923.0,3755.0
86,23434.0,10934.0
86,68853.0,5616.0
86,15221.0,9073.0
86,21269.0,8560.0
86,41068.0,10798.0
86,53213.0,9556.0
86,27045.0,8213.0
86,31541.0,10299.0
86,18192.0,7816.0
86,13657.0,8318.0
86,67306.0,5435.0
86,19844.0,9834.0
86,40287.0,3489.0
86,16286.0,7232.0
86,41495.0,10573.0
86,66799.0,5381.0
86,5016.0,10202.0
86,10275.0,8075.0
86,57489.0,9581.0
86,62763.0,7950.0
86,52056.0,9709.0
86,30208.0,6204.0
86,8555.0,2561.0
86,32397.0,8795.0
86,11352.0,9961.0
86,56894.0,9871.0
86,10514.0,8701.0
86,17795.0,10142.0
86,46399.0,8686.0
86,12366.0,9567.0
86,7056.0,10130.0
87,24359.0,7622.0
87,28695.0,10836.0
87,68200.0,9640.0
87,30513.0,8232.0
87,30275.0,7713.0
87,29350.0,8229.0
87,26801.0,5621.0
87,29735.0,7427.0
87,68615.0,5377.0
87,66846.0,5721.0
87,31514.0,10383.0
87,21124.0,10949.0
87,19977.0,10856.0
87,22538.0,9334.0
87,22140.0,8441.0
87,26051.0,7735.0
87,22347.0,6417.0
87,20750.0,9358.0
87,35151.0,8849.0
87,63110.0,8546.0
87,56821.0,9044.0
87,27630.0,7805.0
87,3743.0,10332.0
87,40030.0,9863.0
87,39286.0,9476.0
87,11701.0,8501.0
87,12602.0,7874.0
87,12631.0,8936.0
87,34256.0,9031.0
87,21670.0,6674.0
87,32225.0,7992.0
87,64670.0,5785.0
87,65258.0,5712.0
87,26987.0,9288.0
87,23433.0,10963.0
87,18622.0,7817.0
87,44921.0,9572.0
87,12322.0,11184.0
87,44148.0,8860.0
87,24490.0,9460.0
87,23365.0,9605.0
87,25699.0,11342.0
87,16541.0,6309.0
87,15517.0,5214.0
87,60834.0,10548.0
87,53720.0,9580.0
87,16371.0,5790.0
87,24312.0,9967.0
87,37631.0,9167.0
87,55462.0,8552.0
87,5264.0,10305.0
87,75445.0,7856.0
87,10418.0,11077.0
87,11875.0,9956.0
87,71516.0,7938.0
87,71276.0,6552.0
87,1667.0,10351.0
87,73098.0,3833.0
87,62104.0,4897.0
87,70513.0,8145.0
87,67343.0,8620.0
87,7159.0,10143.0
87,42851.0,10493.0
87,15128.0,10638.0
87,2854.0,10247.0
87,47213.0,10189.0
87,73479.0,8852.0
87,21126.0,8604.0
87,34205.0,10399.0
87,35102.0,10391.0
87,17030.0,11034.0
87,69534.0,9030.0
87,19645.0,6391.0
87,67517.0,6821.0
87,8296.0,10565.0
87,66008.0,8212.0
87,72123.0,6758.0
87,14003.0,10694.0
87,57971.0,9603.0
87,60557.0,8001.0
87,19242.0,8264.0
87,19914.0,8741.0
87,19813.0,8128.0
87,27842.0,5565.0
87,60496.0,7444.0
87,30349.0,10148.0
87,23460.0,6843.0
87,23754.0,8775.0
87,41881.0,8478.0
87,13519.0,11110.0
87,54358.0,8867.0
87,18080.0,7750.0
87,63326.0,10008.0
87,32144.0,5458.0
87,31429.0,5882.0
87,31675.0,5298.0
87,16285.0,10870.0
87,3712.0,9865.0
87,59854.0,7749.0
87,59569.0,7291.0
87,70644.0,10825.0
87,27837.0,10820.0
87,21826.0,9144.0
87,68676.0,6457.0
87,22528.0,10766.0
87,29130.0,9776.0
87,18920.0,9248.0
87,18566.0,9694.0
87,18412.0,10750.0
87,29991.0,4842.0
87,16954.0,7933.0
87,61734.0,5410.0
87,51560.0,9519.0
87,15670.0,8275.0
87,13688.0,9193.0
87,17418.0,8720.0
87,17947.0,8916.0
87,60009.0,6954.0
87,9073.0,10459.0
87,16736.0,8389.0
87,19121.0,6893.0
87,75332.0,10127.0
87,22555.0,6697.0
87,5250.0,9790.0
87,15515.0,8814.0
87,63650.0,9028.0
87,63653.0,10892.0
87,27753.0,8085.0
87,24926.0,8089.0
87,15421.0,5997.0
87,72691.0,3772.0
87,51047.0,9382.0
87,36297.0,8507.0
87,24122.0,10891.0
87,14210.0,9413.0
87,30319.0,4958.0
87,40822.0,9687.0
87,22485.0,8694.0
87,55036.0,10382.0
88,66494.0,6257.0
88,25196.0,8750.0
88,64296.0,5355.0
88,66586.0,5750.0
88,69060.0,6595.0
88,64582.0,6692.0
88,67545.0,6687.0
88,33638.0,8882.0
88,22427.0,7111.0
88,26373.0,7184.0
89,27858.0,9272.0
89,67475.0,5953.0
89,65028.0,6364.0
89,63983.0,6911.0
89,72134.0,9793.0
89,69002.0,6792.0
89,32703.0,9633.0
89,33381.0,9343.0
89,25396.0,7218.0
89,24880.0,7367.0
89,18802.0,6875.0
89,72233.0,9502.0
89,66896.0,6220.0
89,66555.0,6024.0
89,33626.0,9949.0
90,67882.0,6749.0
90,64758.0,5742.0
90,65875.0,5485.0
90,33093.0,9174.0
90,64579.0,6397.0
90,17020.0,9569.0
90,68964.0,6402.0
90,36093.0,8752.0
90,18443.0,11001.0
90,24447.0,10315.0
90,6452.0,10322.0
90,21411.0,6472.0
90,43089.0,8384.0
90,22905.0,9230.0
90,22969.0,7042.0
90,13959.0,10149.0
90,74877.0,9310.0
90,27885.0,9280.0
90,26034.0,9521.0
90,55244.0,9654.0
91,41516.0,3032.0
91,64392.0,6357.0
91,34545.0,9203.0
91,65060.0,5683.0
91,65770.0,6309.0
91,40639.0,9241.0
91,7158.0,10236.0
91,64784.0,6441.0
91,64591.0,5436.0
91,61933.0,8416.0
91,14098.0,4605.0
91,22870.0,10078.0
91,52259.0,9393.0
91,66254.0,5673.0
91,31521.0,8674.0
91,23723.0,7030.0
91,14649.0,8967.0
91,67531.0,6217.0
91,37161.0,9019.0
91,37780.0,8721.0
91,13594.0,10128.0
91,47624.0,8647.0
91,27569.0,8863.0
91,18096.0,9780.0
91,32294.0,4549.0
91,17492.0,10255.0
91,41718.0,2457.0
91,59794.0,9490.0
91,24787.0,8195.0
91,29670.0,8208.0
91,8494.0,10563.0
91,20390.0,9541.0
91,42114.0,3467.0
91,68988.0,6716.0
91,41159.0,9149.0
92,65311.0,5744.0
92,29984.0,6254.0
92,22768.0,6727.0
92,60510.0,9954.0
92,68144.0,5543.0
92,33887.0,2749.0
92,62364.0,9442.0
92,60263.0,11054.0
92,68827.0,9584.0
92,76142.0,7934.0
92,7484.0,10404.0
93,23603.0,7422.0
93,68401.0,5617.0
93,64580.0,5765.0
93,64581.0,6679.0
93,67204.0,5675.0
93,68810.0,6149.0
93,66325.0,6259.0
93,62375.0,10735.0
93,36667.0,8872.0
93,42171.0,8963.0
93,45531.0,2578.0
93,53269.0,3328.0
93,48888.0,3156.0
93,28966.0,9889.0
93,74845.0,7608.0
93,26177.0,2562.0
93,33397.0,10643.0
93,39503.0,11130.0
93,26157.0,7259.0
93,20589.0,9821.0
93,22649.0,10594.0
93,30908.0,10585.0
93,29717.0,10573.0
93,39087.0,8963.0
93,48748.0,10689.0
93,53354.0,9270.0
93,16391.0,10556.0
93,65771.0,5365.0
93,13392.0,10020.0
93,10664.0,10466.0
93,5539.0,10333.0
93,56337.0,8851.0
93,19106.0,10580.0
93,22688.0,6725.0
93,17917.0,11198.0
93,18677.0,8984.0
93,31856.0,8763.0
93,25217.0,9844.0
93,22125.0,6831.0
93,14977.0,7411.0
93,5497.0,9809.0
93,60508.0,7309.0
93,15096.0,4173.0
93,3712.0,10388.0
93,24847.0,10094.0
93,33496.0,8936.0
93,77986.0,8791.0
93,8125.0,10917.0
94,4498.0,10359.0
94,5139.0,9739.0
94,65008.0,8376.0
94,22096.0,6897.0
94,68304.0,8577.0
94,68718.0,9406.0
94,14311.0,11187.0
94,20541.0,9007.0
94,12431.0,11183.0
94,15708.0,9065.0
94,32688.0,8890.0
94,24585.0,10550.0
94,25155.0,10622.0
94,17473.0,7665.0
94,18596.0,9317.0
94,13328.0,10922.0
94,34869.0,10636.0
94,29355.0,10244.0
94,48985.0,9029.0
94,76134.0,8625.0
94,20147.0,5541.0
94,41242.0,9769.0
94,3163.0,10651.0
94,11527.0,11472.0
94,37117.0,8684.0
94,11660.0,10728.0
94,16131.0,6144.0
94,72855.0,5433.0
94,34779.0,9405.0
94,30824.0,10503.0
94,31233.0,10109.0
94,32066.0,10251.0
94,15177.0,10606.0
94,22423.0,9416.0
94,51735.0,10114.0
94,23115.0,8845.0
94,22752.0,8290.0
94,67742.0,9072.0
94,58073.0,9347.0
94,31617.0,10660.0
94,21572.0,10987.0
94,11403.0,9273.0
94,12122.0,9898.0
94,13255.0,9138.0
94,46967.0,9215.0
94,33484.0,10271.0
94,57091.0,10840.0
94,15983.0,10816.0
94,17953.0,9771.0
94,17788.0,9065.0
94,22237.0,8689.0
94,54892.0,9060.0
94,27609.0,9161.0
94,53747.0,9324.0
94,55974.0,8854.0
94,28227.0,11233.0
94,54037.0,10449.0
94,66613.0,8356.0
94,12020.0,8034.0
94,39571.0,9624.0
94,38948.0,9816.0
94,14435.0,10295.0
94,53408.0,10366.0
94,18445.0,6821.0
94,60557.0,9914.0
94,72149.0,8308.0
94,52448.0,9821.0
94,61258.0,8110.0
94,48127.0,9276.0
94,59234.0,8786.0
94,63496.0,10471.0
94,64714.0,9837.0
94,7019.0,10153.0
94,64742.0,10835.0
94,70567.0,7330.0
94,19645.0,6233.0
94,10355.0,10540.0
94,36032.0,10496.0
94,42956.0,9051.0
94,70407.0,8984.0
94,26781.0,11453.0
94,26246.0,11117.0
94,63798.0,10003.0
94,26213.0,10617.0
94,51601.0,10764.0
94,26802.0,10378.0
94,45538.0,9453.0
94,51035.0,10561.0
94,49082.0,11150.0
94,8150.0,10309.0
94,38124.0,9947.0
94,67883.0,8569.0
94,13102.0,7772.0
94,63738.0,11131.0
94,44006.0,9800.0
94,73041.0,10377.0
94,2124.0,11387.0
94,1656.0,10635.0
94,2681.0,11359.0
95,38639.0,8985.0
95,38055.0,8836.0
95,66377.0,5670.0
95,32901.0,8680.0
95,64695.0,5869.0
95,65195.0,6411.0
95,67257.0,6160.0
95,66160.0,6160.0
95,64397.0,6275.0
95,29104.0,7204.0
95,37523.0,9024.0
95,34978.0,8958.0
95,69033.0,6321.0
95,68361.0,6324.0
95,32148.0,7646.0
95,23250.0,6735.0
95,22564.0,8205.0
95,23211.0,9236.0
95,21586.0,9482.0
95,48106.0,8839.0
95,46370.0,8603.0
95,13698.0,9845.0
95,12725.0,10165.0
95,16621.0,8726.0
95,15919.0,8835.0
95,16399.0,7754.0
95,15531.0,7979.0
95,16711.0,4631.0
95,5511.0,10692.0
95,43363.0,8832.0
95,11527.0,11335.0
95,28551.0,9867.0
95,18344.0,7676.0
95,11652.0,9491.0
95,67414.0,5697.0
95,56775.0,8708.0
95,19941.0,10366.0
95,31628.0,5294.0
95,30675.0,5002.0
95,31462.0,6348.0
95,22467.0,2749.0
95,13380.0,7786.0
95,8421.0,2602.0
95,26060.0,9045.0
95,23871.0,5323.0
95,71680.0,8812.0
95,41964.0,8685.0
95,21805.0,8543.0
95,17088.0,11423.0
95,32858.0,5888.0
95,52406.0,9024.0
95,7315.0,10364.0
95,10813.0,8240.0
95,36115.0,9397.0
95,26953.0,7294.0
95,40918.0,8405.0
95,3676.0,10715.0
95,14781.0,6349.0
95,14215.0,6912.0
95,49552.0,9081.0
96,67106.0,8641.0
96,5436.0,10264.0
96,15835.0,8946.0
96,16605.0,9211.0
96,64523.0,6386.0
96,25228.0,8203.0
96,28783.0,4442.0
96,66430.0,8615.0
96,68782.0,6250.0
96,67086.0,6244.0
96,73673.0,9741.0
96,31512.0,4459.0
96,24577.0,9321.0
96,22679.0,7484.0
96,71173.0,8429.0
96,16199.0,7947.0
96,16849.0,7923.0
96,28863.0,7456.0
96,65530.0,5737.0
96,8820.0,10490.0
96,17824.0,8676.0
96,27455.0,8713.0
96,24364.0,5465.0
96,20456.0,6659.0
96,19975.0,6466.0
96,15529.0,3835.0
96,12882.0,4135.0
96,68556.0,5125.0
96,33226.0,8934.0
96,24096.0,7247.0
96,41663.0,8480.0
96,2021.0,10330.0
97,67910.0,5548.0
97,11707.0,9408.0
97,76735.0,10397.0
97,44830.0,28.0
97,23361.0,8933.0
97,22682.0,9225.0
97,44676.0,942.0
97,73018.0,6326.0
97,28786.0,6223.0
97,28551.0,9839.0
97,32341.0,5554.0
97,66601.0,6191.0
97,28448.0,11063.0
97,31825.0,5424.0
97,40013.0,9033.0
97,22824.0,7275.0
97,48780.0,8862.0
97,69319.0,6163.0
97,24219.0,9062.0
97,19272.0,10523.0
97,68306.0,6599.0
97,23660.0,7344.0
97,68863.0,6386.0
97,22466.0,7960.0
97,18738.0,10164.0
97,47304.0,9241.0
97,18383.0,10695.0
97,56939.0,9155.0
97,73144.0,3514.0
97,18752.0,11280.0
97,32566.0,4941.0
97,46943.0,9471.0
97,19170.0,11166.0
97,10936.0,9663.0
97,22686.0,10391.0
98,34328.0,8507.0
98,35122.0,9269.0
98,66671.0,6282.0
98,25151.0,7451.0
98,45763.0,9594.0
98,40515.0,8872.0
98,64413.0,6660.0
98,26709.0,7774.0
98,33611.0,8882.0
98,31265.0,8191.0
98,15205.0,9233.0
98,21668.0,7011.0
98,60532.0,8286.0
98,19233.0,6960.0
98,23240.0,7707.0
98,52190.0,8690.0
98,37994.0,9172.0
98,5264.0,10360.0
98,43260.0,9413.0
98,5196.0,9846.0
98,28291.0,8295.0
98,20605.0,7158.0
98,8383.0,10430.0
98,36636.0,9634.0
98,41016.0,8789.0
98,22535.0,3877.0
99,13784.0,10837.0
99,68196.0,4940.0
99,46051.0,10488.0
99,65969.0,5437.0
99,64723.0,5809.0
99,21675.0,7879.0
99,46449.0,10397.0
99,33161.0,9634.0
99,76474.0,8189.0
99,19611.0,9423.0
99,66406.0,6334.0
99,37596.0,10733.0
99,29464.0,10021.0
99,61219.0,10589.0
99,26460.0,9786.0
99,48937.0,10272.0
99,43732.0,10598.0
99,15572.0,10679.0
99,61730.0,8058.0
99,20236.0,6741.0
99,28205.0,7319.0
99,70017.0,10169.0
99,68807.0,6186.0
99,1950.0,10584.0
99,62508.0,9454.0
99,48324.0,8669.0
99,17940.0,5755.0
99,47779.0,10040.0
99,59202.0,8291.0
99,35041.0,10864.0
99,26377.0,7528.0
99,72911.0,5687.0
99,24965.0,6974.0
99,10553.0,10384.0
99,23562.0,7027.0
99,16200.0,6769.0
99,15707.0,6487.0
99,3692.0,10219.0
99,7687.0,10354.0
99,14728.0,9610.0
99,65002.0,10096.0
99,52824.0,10693.0
99,17798.0,9400.0
99,38407.0,10098.0
99,25143.0,8447.0
99,4571.0,10858.0
99,31086.0,9226.0
99,12016.0,10585.0
99,12395.0,9813.0
99,51111.0,9843.0
99,11790.0,9544.0
99,13192.0,8822.0
99,67508.0,4943.0
99,14013.0,4566.0
99,24879.0,9808.0
99,13162.0,4657.0
99,56299.0,10519.0
99,65871.0,8868.0
99,74359.0,7627.0
99,28649.0,7856.0
99,40429.0,8815.0
99,44027.0,8909.0
99,63477.0,7989.0
99,41996.0,9346.0
99,60387.0,6491.0
99,62401.0,5991.0
99,10793.0,8947.0
99,6145.0,10720.0
99,22188.0,9636.0
99,39638.0,10325.0
99,57047.0,8594.0
99,21356.0,4557.0
99,5318.0,10554.0
99,18702.0,7385.0
99,2828.0,10358.0
99,40431.0,10147.0
99,72954.0,9533.0
99,21473.0,9644.0
99,37057.0,8822.0
99,9047.0,10792.0
99,50202.0,10128.0
99,23485.0,8523.0
99,5308.0,9952.0
99,6951.0,10252.0
99,43723.0,9382.0
99,16637.0,9330.0
99,36985.0,10961.0
99,18289.0,9071.0
100,64971.0,6543.0
100,66552.0,5685.0
100,67587.0,6215.0
100,65049.0,5376.0
100,67027.0,6198.0
100,25586.0,7486.0
100,24519.0,7839.0
100,23570.0,7607.0
100,15001.0,7799.0
100,15746.0,7555.0
100,15932.0,6489.0
100,14884.0,7096.0
100,14692.0,6647.0
100,15208.0,5963.0
100,26407.0,7688.0
100,68874.0,6095.0
100,37206.0,9386.0
100,64272.0,5880.0
100,31222.0,9091.0
100,30274.0,9132.0
100,23299.0,9098.0
100,34587.0,8675.0
100,24005.0,7615.0
100,23298.0,9916.0
100,29241.0,7972.0
100,21203.0,6078.0
100,24188.0,9201.0
100,42480.0,9775.0
100,23708.0,8472.0
100,28277.0,9050.0
100,28919.0,9310.0
100,17907.0,10225.0
100,46428.0,8798.0
100,21949.0,8819.0
100,22337.0,7823.0
100,21703.0,8030.0
100,62737.0,9020.0
100,59222.0,6645.0
100,36093.0,8752.0
100,70046.0,9965.0
100,11386.0,10842.0
100,44183.0,9692.0
100,8335.0,10793.0
100,24991.0,9839.0
100,39375.0,9881.0
100,6447.0,10279.0
100,39121.0,10316.0
100,39117.0,9474.0
100,38461.0,10422.0
100,38098.0,9744.0
100,38610.0,9295.0
100,6372.0,9809.0
100,72613.0,5830.0
100,76908.0,10350.0
100,19270.0,9386.0
100,19709.0,9025.0
100,77453.0,9929.0
100,60063.0,10470.0
100,16656.0,8979.0
100,59304.0,10153.0
100,46192.0,10370.0
100,23198.0,8109.0
100,12473.0,7135.0
100,11862.0,6722.0
100,12403.0,6397.0
100,53016.0,9557.0
100,62009.0,9267.0
100,13511.0,9546.0
100,18802.0,7094.0
100,43090.0,8356.0
100,33312.0,9381.0
100,35009.0,3447.0
100,34061.0,8448.0
100,41497.0,9007.0
100,40637.0,9184.0
100,51662.0,9654.0
100,32848.0,10478.0
100,52286.0,9478.0
100,12754.0,10466.0
100,12005.0,8884.0
100,13109.0,4408.0
100,12594.0,3741.0
100,12241.0,4346.0
100,52662.0,10726.0
100,59798.0,5921.0
100,9355.0,8083.0
100,16122.0,9097.0
100,76696.0,9859.0
101,33018.0,9965.0
101,54667.0,10532.0
101,54006.0,10185.0
101,47128.0,10189.0
101,25367.0,7668.0
101,20748.0,6232.0
101,18855.0,6739.0
101,68799.0,6155.0
101,29375.0,5484.0
101,23652.0,10326.0
101,23305.0,8932.0
101,43582.0,10213.0
101,35503.0,8496.0
101,65322.0,5751.0
101,72390.0,10283.0
101,28723.0,5244.0
101,63669.0,5978.0
101,21253.0,9867.0
101,3515.0,11442.0
101,32053.0,9516.0
101,20413.0,6864.0
101,22026.0,9016.0
101,18664.0,10889.0
101,61081.0,9183.0
101,3824.0,10775.0
101,18024.0,10863.0
101,29170.0,11304.0
101,30686.0,10532.0
101,47978.0,10038.0
101,20488.0,4507.0
101,71373.0,8301.0
101,21820.0,5098.0
101,58308.0,3995.0
101,67785.0,6198.0
101,5718.0,9939.0
101,21888.0,4531.0
101,39059.0,9019.0
101,49187.0,10291.0
101,37980.0,10061.0
101,27504.0,6953.0
101,26342.0,6817.0
101,26774.0,6799.0
101,26347.0,7262.0
101,23987.0,7271.0
101,20965.0,3858.0
101,65879.0,9497.0
101,10414.0,10497.0
101,25555.0,10427.0
101,24870.0,10557.0
101,15454.0,8742.0
101,21734.0,11170.0
101,57424.0,8842.0
101,21434.0,4202.0
101,42054.0,9650.0
101,36882.0,10630.0
101,18764.0,9997.0
101,50097.0,9884.0
101,20544.0,11181.0
101,63977.0,10543.0
101,28933.0,7273.0
101,11988.0,10448.0
101,14377.0,10475.0
101,19867.0,9815.0
101,75890.0,4037.0
101,28661.0,9810.0
101,32259.0,10598.0
101,29573.0,9936.0
101,67529.0,9405.0
101,63198.0,9386.0
101,12452.0,10141.0
101,28641.0,11004.0
101,30559.0,5827.0
101,68081.0,9780.0
101,24043.0,9422.0
101,27182.0,7302.0
101,39984.0,9005.0
101,3250.0,10528.0
101,34446.0,9062.0
101,22667.0,10189.0
101,38776.0,10576.0
101,22300.0,9639.0
101,36175.0,9885.0
101,16801.0,9899.0
101,36447.0,10122.0
101,21608.0,6381.0
101,30683.0,7251.0
101,73647.0,8181.0
101,13830.0,9090.0
101,29501.0,7798.0
101,35590.0,10755.0
101,35073.0,9982.0
101,24892.0,8688.0
101,36356.0,10889.0
101,74419.0,8630.0
101,13518.0,6845.0
101,65060.0,9140.0
101,13302.0,11059.0
101,6831.0,10157.0
101,30508.0,8765.0
101,7456.0,10261.0
101,24751.0,6866.0
101,5732.0,10361.0
101,22191.0,8524.0
101,20476.0,8166.0
101,21098.0,7725.0
101,34778.0,10521.0
101,76082.0,9086.0
101,67248.0,5551.0
101,35506.0,9787.0
101,40825.0,10524.0
101,51881.0,8860.0
101,26042.0,10818.0
101,31407.0,8358.0
101,28083.0,10095.0
101,60247.0,9236.0
101,34121.0,10809.0
101,15979.0,5762.0
101,23628.0,5357.0
101,65580.0,6270.0
101,4905.0,10332.0
101,4867.0,9857.0
101,70640.0,8649.0
101,29386.0,8894.0
101,17329.0,8585.0
101,11262.0,8806.0
101,42744.0,8829.0
101,31968.0,8314.0
101,31768.0,10657.0
101,21120.0,5201.0
101,14978.0,7563.0
101,12031.0,8610.0
101,12853.0,8307.0
101,12444.0,8228.0
101,15751.0,7696.0
101,35015.0,10833.0
101,45595.0,10228.0
101,72460.0,9812.0
101,32601.0,10581.0
101,68752.0,5296.0
101,41138.0,10430.0
101,23549.0,10907.0
101,33611.0,10591.0
102,68968.0,6163.0
102,64622.0,6438.0
102,66752.0,6482.0
102,34468.0,9485.0
102,44261.0,8773.0
102,26155.0,7022.0
102,48691.0,8750.0
102,65635.0,6421.0
102,16043.0,9471.0
102,16380.0,8311.0
102,15727.0,8505.0
102,26898.0,9034.0
102,26144.0,9130.0
102,31600.0,7253.0
102,64015.0,5626.0
102,20329.0,8371.0
102,21843.0,10285.0
102,4461.0,10914.0
102,24202.0,7328.0
102,19779.0,8869.0
102,18753.0,9557.0
102,17835.0,9345.0
102,37379.0,10255.0
102,17434.0,9868.0
102,8739.0,9898.0
102,29750.0,8797.0
102,24446.0,10373.0
102,6640.0,10444.0
102,67564.0,5124.0
102,17668.0,10594.0
102,23461.0,7605.0
102,58447.0,9278.0
102,16410.0,8675.0
103,64782.0,6391.0
103,16731.0,8426.0
103,16002.0,8648.0
103,25035.0,5178.0
103,24434.0,5092.0
103,25547.0,4679.0
103,24435.0,4200.0
103,24008.0,9704.0
103,42987.0,9061.0
103,31754.0,8532.0
103,28882.0,9724.0
103,19667.0,7466.0
103,56991.0,9070.0
103,34419.0,9061.0
103,68131.0,5532.0
103,68865.0,5297.0
103,33613.0,8579.0
103,20184.0,9849.0
103,16452.0,3553.0
103,16588.0,2526.0
103,7943.0,10150.0
103,36776.0,8929.0
103,15649.0,6497.0
103,67284.0,6243.0
103,23645.0,7822.0
103,14489.0,9565.0
103,19219.0,10752.0
103,18349.0,10111.0
103,24685.0,9549.0
103,19992.0,2301.0
104,26125.0,5591.0
104,67381.0,5613.0
104,65106.0,6270.0
104,25919.0,8931.0
104,68002.0,6534.0
104,64125.0,6671.0
104,3021.0,10300.0
104,42912.0,9104.0
104,40043.0,9119.0
104,19648.0,9920.0
104,49260.0,8886.0
104,31664.0,9073.0
104,61011.0,6869.0
104,35286.0,8879.0
104,27284.0,6915.0
104,52822.0,9218.0
104,62011.0,9070.0
104,68838.0,6516.0
104,18449.0,2606.0
104,18951.0,3269.0
104,8461.0,10607.0
104,29457.0,7480.0
104,65458.0,5578.0
104,59675.0,8138.0
104,66617.0,6296.0
104,31001.0,9156.0
104,24667.0,7100.0
104,16329.0,9833.0
104,57192.0,9153.0
104,72154.0,7790.0
104,23362.0,3738.0
104,22111.0,6668.0
104,47189.0,9100.0
104,26288.0,4709.0
104,25497.0,5083.0
104,22517.0,9194.0
105,36128.0,9143.0
105,64808.0,5729.0
105,63358.0,9428.0
105,65814.0,5688.0
105,66089.0,6317.0
105,24993.0,6923.0
105,25756.0,10929.0
105,32744.0,9249.0
105,69297.0,6193.0
105,5025.0,2733.0
105,18370.0,9584.0
105,18439.0,10667.0
105,19455.0,9687.0
105,56010.0,9050.0
105,14289.0,11042.0
105,64017.0,5454.0
105,27688.0,6445.0
105,26421.0,5971.0
105,66505.0,5699.0
105,23338.0,11227.0
105,47440.0,10158.0
105,74412.0,8812.0
105,31360.0,9332.0
105,40741.0,2996.0
105,22722.0,9591.0
105,39974.0,9920.0
105,38085.0,8725.0
105,37651.0,9536.0
105,66192.0,9890.0
105,68987.0,5671.0
105,17060.0,11368.0
105,30240.0,10316.0
105,16724.0,8925.0
105,5068.0,10268.0
105,70299.0,5944.0
105,27589.0,10879.0
105,29165.0,10747.0
105,34292.0,9256.0
105,35606.0,10488.0
105,28026.0,9487.0
105,12784.0,10903.0
105,1267.0,10441.0
105,13410.0,11058.0
105,10790.0,8423.0
105,62047.0,8127.0
105,7407.0,10286.0
105,13887.0,3948.0
105,6834.0,2599.0
105,19500.0,10829.0
105,10913.0,10352.0
105,21961.0,7690.0
105,2777.0,10246.0
105,50230.0,9503.0
105,3239.0,10181.0
105,23341.0,7180.0
105,21989.0,4798.0
105,14454.0,8469.0
105,15085.0,10368.0
105,64707.0,8229.0
105,43374.0,9008.0
105,29348.0,9414.0
105,67828.0,5619.0
105,39007.0,10729.0
105,21755.0,10252.0
105,42547.0,10413.0
105,15984.0,11093.0
105,26724.0,5149.0
105,68967.0,9678.0
105,32872.0,10748.0
105,49664.0,3538.0
105,6416.0,10268.0
105,8377.0,10690.0
105,27828.0,7684.0
105,15830.0,7178.0
105,15773.0,7707.0
105,939.0,2690.0
105,25132.0,9956.0
105,27723.0,9546.0
105,32077.0,10487.0
105,67757.0,10680.0
105,67604.0,9009.0
105,20449.0,8125.0
105,33501.0,3686.0
105,45145.0,3061.0
105,55879.0,3490.0
105,3469.0,2615.0
105,12386.0,6994.0
105,8459.0,11582.0
105,77205.0,8309.0
105,29842.0,2904.0
105,29082.0,3240.0
105,16172.0,3360.0
105,18448.0,7507.0
105,21040.0,5571.0
105,20395.0,5527.0
105,12015.0,10338.0
105,9139.0,2689.0
105,45284.0,10172.0
105,30165.0,6479.0
105,11817.0,9544.0
105,6419.0,11855.0
105,16351.0,9054.0
105,68477.0,6991.0
105,23647.0,8636.0
106,16257.0,3860.0
106,28118.0,7950.0
106,28965.0,1641.0
106,28236.0,1303.0
106,33278.0,9240.0
106,26346.0,3356.0
106,26178.0,4113.0
106,27523.0,4028.0
106,25458.0,4165.0
106,7913.0,2535.0
107,28325.0,8134.0
107,8759.0,10280.0
107,24442.0,7544.0
107,32766.0,9093.0
107,67620.0,6849.0
107,64991.0,5723.0
107,16425.0,11230.0
107,15223.0,11155.0
107,27356.0,7818.0
107,21872.0,9940.0
107,21572.0,9315.0
107,20753.0,9407.0
107,42410.0,8966.0
107,22069.0,9240.0
108,21527.0,10072.0
108,24287.0,7145.0
108,23117.0,8790.0
108,65764.0,6363.0
108,7346.0,10332.0
108,67443.0,6169.0
108,19213.0,8615.0
108,18909.0,10441.0
108,32798.0,8797.0
108,35926.0,8777.0
108,69172.0,6611.0
108,64704.0,5761.0
108,31932.0,5201.0
108,43056.0,10264.0
108,16572.0,5256.0
108,47161.0,9129.0
108,13898.0,7696.0
108,21722.0,7034.0
108,27738.0,8335.0
108,28400.0,6916.0
108,17026.0,10562.0
108,23271.0,6891.0
108,5649.0,10361.0
108,5579.0,9807.0
108,47307.0,10539.0
108,38545.0,10840.0
108,74350.0,8592.0
108,13273.0,10732.0
108,13647.0,10072.0
108,23721.0,5643.0
108,25991.0,6837.0
108,42518.0,8701.0
108,67656.0,5645.0
108,30610.0,8084.0
108,39530.0,8607.0
108,55087.0,9030.0
108,31892.0,9823.0
108,16013.0,5703.0
108,22860.0,4715.0
108,16442.0,8770.0
108,17116.0,8589.0
108,59341.0,7621.0
108,19269.0,6154.0
108,15472.0,9222.0
108,26462.0,9957.0
108,49573.0,8939.0
108,10946.0,11262.0
108,12060.0,8939.0
108,12924.0,9421.0
108,34254.0,9059.0
108,66508.0,5620.0
108,31197.0,8321.0
108,21137.0,8069.0
108,13176.0,4384.0
108,37057.0,10515.0
109,47896.0,8422.0
109,42576.0,8886.0
109,22994.0,9092.0
109,27165.0,8374.0
109,18611.0,10491.0
109,67992.0,6392.0
109,67323.0,6154.0
109,31081.0,8777.0
109,31030.0,8015.0
109,17631.0,10282.0
109,22262.0,6711.0
109,11155.0,11095.0
109,11049.0,10020.0
109,32936.0,9173.0
109,38416.0,9010.0
109,43202.0,8940.0
109,28517.0,7151.0
109,15697.0,9369.0
109,47343.0,9668.0
109,20088.0,6390.0
109,20855.0,9468.0
109,57202.0,9323.0
109,15744.0,7946.0
109,64165.0,6997.0
109,69355.0,5082.0
109,16672.0,7715.0
109,28937.0,6909.0
109,35049.0,9127.0
109,65865.0,5739.0
109,61623.0,7651.0
109,14391.0,9656.0
109,12429.0,10881.0
109,53097.0,10018.0
109,16897.0,3219.0
109,40934.0,9560.0
109,28747.0,10197.0
109,13354.0,10785.0
109,41360.0,9485.0
109,33575.0,9115.0
109,74747.0,3061.0
109,31014.0,6747.0
109,32470.0,7872.0
109,29428.0,7048.0
109,48307.0,8950.0
110,8478.0,11023.0
110,64829.0,5671.0
110,68363.0,6200.0
110,67278.0,6264.0
110,65807.0,5752.0
110,66278.0,5657.0
110,56638.0,10993.0
110,45539.0,9853.0
110,39400.0,3681.0
110,23345.0,7075.0
110,23831.0,7032.0
110,46796.0,9103.0
110,31101.0,10527.0
110,51449.0,10585.0
110,63827.0,5881.0
110,64308.0,6544.0
110,14148.0,9464.0
110,36349.0,9773.0
110,33392.0,9055.0
110,26402.0,9699.0
110,16831.0,10231.0
110,18073.0,10251.0
110,19102.0,6171.0
110,19478.0,7386.0
110,18290.0,7859.0
110,18512.0,6714.0
110,53833.0,2777.0
110,44894.0,3118.0
110,41800.0,10304.0
110,1237.0,10691.0
110,34160.0,10605.0
110,23984.0,8429.0
110,42161.0,10164.0
110,31734.0,10330.0
110,29659.0,6356.0
111,76449.0,2858.0
111,64657.0,6309.0
111,33178.0,9391.0
111,67505.0,6651.0
111,30121.0,9542.0
111,66140.0,6297.0
111,63821.0,5845.0
111,29302.0,7791.0
111,65324.0,5667.0
111,70439.0,7959.0
111,54370.0,9776.0
111,33230.0,3499.0
111,11353.0,10126.0
111,24426.0,9912.0
111,67420.0,5609.0
111,55044.0,3213.0
111,60288.0,7455.0
111,20157.0,9407.0
111,31424.0,9177.0
111,32105.0,10775.0
111,26092.0,9778.0
111,31495.0,10912.0
111,21573.0,9348.0
111,58416.0,8957.0
111,17030.0,11117.0
111,16785.0,11480.0
111,18733.0,9776.0
111,19044.0,10135.0
111,28758.0,7721.0
111,17813.0,5048.0
111,69337.0,6220.0
111,18347.0,9804.0
111,15902.0,8445.0
111,13219.0,10787.0
111,8798.0,10520.0
111,47706.0,8563.0
111,48428.0,8473.0
111,5097.0,10747.0
111,28086.0,10650.0
111,66697.0,9566.0
111,58595.0,2071.0
111,58684.0,2972.0
111,14892.0,11436.0
111,24328.0,5202.0
111,62281.0,10216.0
111,44050.0,9578.0
111,43181.0,9617.0
111,35534.0,8441.0
111,40446.0,9409.0
111,17949.0,9044.0
111,17344.0,9528.0
111,15928.0,10871.0
111,21507.0,8616.0
111,75795.0,3813.0
111,33527.0,10674.0
111,42029.0,8964.0
111,34705.0,8567.0
111,34114.0,9085.0
111,36367.0,10004.0
111,38947.0,8905.0
111,72412.0,8149.0
111,41069.0,9262.0
111,11986.0,10064.0
111,36960.0,10015.0
111,28775.0,10280.0
111,21126.0,8842.0
111,25556.0,9909.0
111,37118.0,8629.0
112,67226.0,6236.0
112,68886.0,5645.0
112,67090.0,5170.0
112,29808.0,8527.0
112,29636.0,7845.0
112,64778.0,5089.0
112,65059.0,3866.0
112,65322.0,5371.0
112,64357.0,6323.0
112,22751.0,7090.0
112,16005.0,9575.0
112,16420.0,10510.0
112,19404.0,9058.0
112,18427.0,9695.0
112,16852.0,9293.0
112,17035.0,9779.0
112,5181.0,10416.0
112,5113.0,9794.0
112,32668.0,2369.0
112,28951.0,7882.0
112,67626.0,5333.0
112,65833.0,3571.0
112,67673.0,3687.0
112,68094.0,4257.0
112,68168.0,4884.0
112,67055.0,3694.0
112,17110.0,10784.0
112,64392.0,4340.0
112,33133.0,9051.0
112,72688.0,7261.0
112,19206.0,9800.0
112,64991.0,6264.0
112,18501.0,8774.0
112,37608.0,8941.0
112,66101.0,5411.0
112,63762.0,6035.0
112,68263.0,6747.0
112,43981.0,10265.0
112,26289.0,6868.0
112,66645.0,6333.0
112,66586.0,5776.0
113,64571.0,6266.0
113,68948.0,6122.0
113,31289.0,3837.0
113,66626.0,6158.0
113,21671.0,5065.0
113,29278.0,9098.0
113,28762.0,8268.0
113,71452.0,7593.0
113,64260.0,5826.0
113,39261.0,9908.0
113,68143.0,5570.0
113,67845.0,7590.0
113,58753.0,7768.0
113,61301.0,10560.0
113,67897.0,6473.0
113,65779.0,6760.0
113,25257.0,7826.0
113,20051.0,10388.0
113,20812.0,10848.0
113,17731.0,9250.0
113,20055.0,9031.0
113,11547.0,10207.0
113,11376.0,9328.0
113,55520.0,9480.0
113,28149.0,8730.0
113,21882.0,8627.0
113,21733.0,9289.0
113,19702.0,7357.0
113,19189.0,7755.0
113,31076.0,7465.0
113,40824.0,10494.0
113,25445.0,9283.0
113,32545.0,9649.0
113,33310.0,10157.0
113,33132.0,9268.0
113,35590.0,10755.0
113,36395.0,10651.0
113,22798.0,5066.0
113,23594.0,5199.0
113,26617.0,7162.0
113,23490.0,5885.0
113,41743.0,9033.0
113,16260.0,7690.0
113,38637.0,9638.0
113,67044.0,6950.0
113,41458.0,10226.0
113,23688.0,10068.0
113,17972.0,7818.0
113,66172.0,6585.0
113,18383.0,5766.0
113,25866.0,9489.0
113,22989.0,6056.0
113,41370.0,9139.0
113,71766.0,7465.0
114,41909.0,8477.0
114,21218.0,8234.0
114,32333.0,8484.0
114,15230.0,8593.0
114,16116.0,3416.0
114,66071.0,7214.0
114,22204.0,6190.0
114,27751.0,6101.0
114,66124.0,9250.0
114,64885.0,6709.0
114,21480.0,7003.0
114,26993.0,6313.0
114,15782.0,4420.0
114,68834.0,6354.0
114,28167.0,10371.0
114,13725.0,5666.0
114,65810.0,5701.0
114,14572.0,5573.0
114,23687.0,7344.0
114,14137.0,8048.0
114,13469.0,6266.0
114,63818.0,6410.0
114,40133.0,10601.0
114,40778.0,10375.0
114,24325.0,9344.0
114,20201.0,10335.0
114,29708.0,6350.0
114,29984.0,6687.0
114,33608.0,8910.0
114,24801.0,7128.0
114,40342.0,8730.0
114,25776.0,7278.0
114,25506.0,6776.0
114,15613.0,3863.0
114,46094.0,8745.0
114,10808.0,1763.0
114,18899.0,7711.0
114,18037.0,7182.0
114,17215.0,10090.0
114,30513.0,9952.0
114,17790.0,9616.0
114,22882.0,9118.0
114,22452.0,9388.0
114,67928.0,5381.0
114,18181.0,10001.0
114,28904.0,7471.0
114,11872.0,1975.0
114,22613.0,6595.0
114,14236.0,11261.0
114,26609.0,10335.0
114,47834.0,8229.0
114,15294.0,10408.0
114,27555.0,6999.0
114,35234.0,9668.0
114,21029.0,10247.0
114,24678.0,10061.0
114,63162.0,8578.0
114,11517.0,9932.0
114,20089.0,9104.0
114,63643.0,8620.0
114,11357.0,3362.0
114,15955.0,7876.0
114,39911.0,11108.0
114,43711.0,8738.0
114,13873.0,6754.0
115,23624.0,9413.0
115,67523.0,6173.0
115,68597.0,6635.0
115,65801.0,10522.0
115,18572.0,10370.0
115,65181.0,6322.0
115,65633.0,6287.0
115,22354.0,10821.0
115,36565.0,10008.0
115,59848.0,9472.0
115,29211.0,9471.0
115,27226.0,7727.0
115,27845.0,7716.0
115,65968.0,5726.0
115,34126.0,10970.0
115,39059.0,9075.0
115,76271.0,2164.0
115,12505.0,10031.0
115,45931.0,9450.0
115,55213.0,10587.0
115,25365.0,8315.0
115,68487.0,5542.0
115,31968.0,8905.0
115,7326.0,10279.0
115,18783.0,7542.0
115,18036.0,7331.0
115,22615.0,7695.0
115,23474.0,7235.0
115,15358.0,9803.0
115,10441.0,10358.0
115,15197.0,10670.0
115,67047.0,5617.0
115,34997.0,9070.0
115,64843.0,5359.0
115,28907.0,9094.0
115,75275.0,2911.0
115,8841.0,10157.0
115,29851.0,4775.0
115,20739.0,6604.0
115,29413.0,5589.0
115,23104.0,9855.0
115,13271.0,6234.0
115,5428.0,10941.0
115,74163.0,8800.0
115,22830.0,7144.0
115,61915.0,6679.0
115,62583.0,6254.0
115,12508.0,6336.0
115,20874.0,11505.0
115,75991.0,3397.0
115,11646.0,7950.0
115,10870.0,6850.0
115,46271.0,9733.0
115,39660.0,9915.0
115,11194.0,6431.0
115,59557.0,6929.0
116,66987.0,5672.0
116,68504.0,6166.0
116,48543.0,9919.0
116,60769.0,6201.0
116,24995.0,9499.0
116,67974.0,4270.0
116,57182.0,9686.0
116,74455.0,8321.0
116,52214.0,8885.0
116,26798.0,6644.0
116,54585.0,9090.0
116,40001.0,9805.0
116,40503.0,9439.0
116,45734.0,9395.0
116,11577.0,10564.0
116,12792.0,10451.0
116,11737.0,9902.0
116,64397.0,9523.0
116,64946.0,9163.0
116,12312.0,9786.0
116,31420.0,9635.0
116,64153.0,6433.0
116,56667.0,9873.0
116,42294.0,10623.0
116,20173.0,10799.0
116,45034.0,9542.0
116,35433.0,9614.0
116,18995.0,9532.0
116,22918.0,7595.0
116,18124.0,9620.0
116,64669.0,5800.0
116,29830.0,6318.0
116,77110.0,9246.0
116,40743.0,9622.0
116,60162.0,6296.0
116,18546.0,9324.0
116,76928.0,8945.0
116,54109.0,9066.0
117,45735.0,9565.0
117,64060.0,6929.0
117,41218.0,8883.0
117,24751.0,8879.0
117,66688.0,5563.0
117,75512.0,8518.0
117,48269.0,10211.0
117,65415.0,6334.0
117,61554.0,6160.0
117,4185.0,10581.0
117,31824.0,7151.0
117,39002.0,8683.0
117,23799.0,7215.0
117,56652.0,10694.0
117,17997.0,9417.0
117,6090.0,10582.0
117,20727.0,7482.0
117,13573.0,11082.0
117,37538.0,10732.0
117,27892.0,8003.0
117,69267.0,8596.0
117,66649.0,6555.0
117,36717.0,9012.0
117,74360.0,9703.0
117,18918.0,11139.0
117,28608.0,10032.0
117,58079.0,8641.0
117,53884.0,8871.0
117,77074.0,8751.0
117,35117.0,8545.0
117,74944.0,6853.0
117,71175.0,7121.0
117,11604.0,10591.0
117,59149.0,9438.0
117,23333.0,11376.0
117,27588.0,11141.0
117,55858.0,8743.0
117,15753.0,9467.0
117,19700.0,8522.0
117,62506.0,10322.0
117,67551.0,9522.0
117,31962.0,10830.0
117,22092.0,6623.0
117,17108.0,10451.0
117,2440.0,10498.0
117,12172.0,9267.0
117,10251.0,10996.0
117,34675.0,10605.0
117,8484.0,10554.0
117,32784.0,6162.0
117,30493.0,7334.0
117,30381.0,10536.0
117,7414.0,10393.0
117,65368.0,8737.0
117,59880.0,7877.0
117,63775.0,10319.0
117,22434.0,8067.0
117,60783.0,10438.0
117,71548.0,9198.0
117,14868.0,10113.0
117,67716.0,6287.0
117,16981.0,8337.0
117,69009.0,6122.0
117,18036.0,7186.0
117,48708.0,8498.0
117,42336.0,10628.0
117,39984.0,10420.0
117,73020.0,7203.0
117,44173.0,10828.0
117,13810.0,10152.0
117,43388.0,9405.0
117,40878.0,10115.0
117,33244.0,10410.0
117,12591.0,10577.0
117,29134.0,8166.0
117,23472.0,7288.0
117,63866.0,5687.0
118,64669.0,5822.0
118,65408.0,6346.0
118,67229.0,5761.0
118,66600.0,5662.0
118,27865.0,7456.0
118,67822.0,6287.0
118,20106.0,10184.0
118,69000.0,6181.0
118,23713.0,7371.0
118,24521.0,5275.0
118,64704.0,6283.0
118,46753.0,9845.0
118,25298.0,10567.0
118,68806.0,5401.0
118,17344.0,9124.0
118,20461.0,7460.0
118,59728.0,7973.0
118,17692.0,9460.0
118,58130.0,10244.0
118,42678.0,9407.0
118,38751.0,8958.0
118,62624.0,9341.0
118,36032.0,8862.0
118,36756.0,8734.0
118,15460.0,9991.0
118,13533.0,9166.0
118,7106.0,10444.0
118,21249.0,9768.0
118,4353.0,10194.0
118,30458.0,6720.0
118,68326.0,5426.0
118,15590.0,6594.0
118,1869.0,10311.0
118,4342.0,9736.0
118,11740.0,10314.0
118,55068.0,2847.0
118,65022.0,9253.0
118,65877.0,9525.0
118,10718.0,10244.0
118,28664.0,10281.0
118,40574.0,8986.0
118,23897.0,5295.0
118,34916.0,3672.0
118,31399.0,8583.0
118,22172.0,9410.0
118,43605.0,8600.0
118,10140.0,4881.0
118,55533.0,8998.0
118,34205.0,8670.0
118,5842.0,10306.0
118,5772.0,9883.0
119,65715.0,6337.0
119,67915.0,6227.0
119,64273.0,6431.0
119,3228.0,10288.0
119,68546.0,5499.0
119,5980.0,10333.0
119,5935.0,9850.0
119,24325.0,7943.0
119,15922.0,9548.0
119,9742.0,7745.0
119,34699.0,8649.0
119,27534.0,7427.0
119,10389.0,10884.0
119,28470.0,8123.0
119,25447.0,8645.0
119,25311.0,8097.0
119,21836.0,6440.0
119,10457.0,8370.0
119,25911.0,7018.0
119,30492.0,8656.0
119,42422.0,8855.0
119,30744.0,6296.0
119,18341.0,9658.0
119,48821.0,9144.0
120,65906.0,6329.0
120,24123.0,574.0
120,24188.0,9201.0
120,42186.0,9547.0
120,20329.0,9367.0
120,35484.0,8359.0
120,29430.0,4571.0
120,34833.0,8322.0
120,23877.0,1852.0
120,32052.0,8426.0
120,17386.0,10671.0
